����,������,��Դ,����,ͷ�����ɣ�CTR��,��ճ����B��PB��,����ƽ��RIP��,mecA,invA,rfbeO157,thrA,ST ,б��,�ײ�,����,����ø,PB4,������,Ѫ�����,ST�ͱ�
沙门氏菌,X-B1-1,ȥƤǰ,����,-,-,/,/,+,/,2,19,K,A,+,  -,/,/,/,/
沙门氏菌,B-H10-2,����,ɽ������,-,-,/,/,+,/,18,42,K,A,+,  -,/,/,/,/
沙门氏菌,B-G5-1,���,ɽ������,+,+,/,/,+,/,18,42,K,A,+,  +,/,/,/,/
沙门氏菌,X-F2-2,�ָ���,ɽ������,-,-,/,/,+,/,2,19,K,A,+,  -,/,/,/,/
沙门氏菌,B-G7-1,���,ɽ������,-,+,/,/,+,/,18,42,K,A,+,  +,/,/,/,/
沙门氏菌,X-B7-1,ȥƤǰ,ɽ������,-,-,/,/,+,/,2,19,K,A,+,  -,/,/,/,/
沙门氏菌,X-F7-5,�ָ���,ɽ������,-,-,/,/,+,/,2,19,K,A,+,  -,/,/,/,/
沙门氏菌,B-C7,ȥƤǰ,ɽ������,+,+,/,/,+,/,18,42,K,A,+,  +,/,/,/,/
沙门氏菌,X-G10-3,���,ɽ������,-,-,/,/,+,/,18,42,K,A,+,  -,/,/,/,/
沙门氏菌,X-H10-1,����,ɽ������,-,��,/,/,+,/,18,42,K,A,+,  -,/,/,/,/
沙门氏菌,X-H10-3,����,ɽ������,-,-,/,/,+,/,18,42,K,A,+,  -,/,/,/,/
沙门氏菌,B-A4,ȥƤǰ,ɽ������,-,+,/,/,+,/,18,42,K,A,+,  +,/,/,/,/
沙门氏菌,B-H10-1,����,ɽ������,-,��,/,/,+,/,18,42,K,A,+,  +,/,/,/,/
沙门氏菌,X-F4-2,�ָ���,ɽ������,-,+,/,/,+,/,2,19,K,A,+,  -,/,/,/,/
沙门氏菌,BX-F4-1,�ָ���,ɽ������,/,/,/,/,+,/,2,19,K,A,+,  +,/,/,/,/
沙门氏菌,X-H10-5,����,ɽ������,-,+,/,/,+,/,18,42,K,A,+,  +,/,/,/,/
沙门氏菌,X-B6-2,ȥƤǰ,ɽ������,-,-,/,/,+,/,2,19,K,A,+,  -,/,/,/,/
沙门氏菌,X-G5-1,���,ɽ������,��,��,/,/,+,/,18,42,K,A,+,  -,/,/,/,/
沙门氏菌,X-G10-2,���,ɽ������,-,-,/,/,+,/,18,42,K,A,+,  -,/,/,/,/
沙门氏菌,B-G10-1,���,ɽ������,-,��,/,/,+,/,18,42,K,A,+,  -,/,/,/,/
沙门氏菌,BX-F2-1,�ָ���,ɽ������,-,-,/,/,+,/,2,19,K,A,+,  -,/,/,/,/
沙门氏菌,X-F7-3,�ָ���,ɽ������,-,-,/,/,+,/,2,19,K,A,+,  -,/,/,/,/
沙门氏菌,X-G10-4,���,ɽ������,-,-,/,/,+,/,18,42,K,A,+,  -,/,/,/,/
沙门氏菌,X-F7-4,�ָ���,ɽ������,-,-,/,/,+,/,2,19,K,A,+,  -,/,/,/,/
沙门氏菌,X-G5-2,���,ɽ������,-,��,/,/,+,/,18,42,K,A,+,  -,/,/,/,/
沙门氏菌,X-G7-2,���,ɽ������,-,+,/,/,+,/,18,42,K,A,+,  +,/,/,/,/
沙门氏菌,X-F4-3,�ָ���,ɽ������,-,-,/,/,+,/,2,19,K,A,+,  -,/,/,/,/
沙门氏菌,X-B2-1,ȥƤǰ,ɽ������,-,+,/,/,+,/,2,19,K,A,+,  -,/,/,/,/
沙门氏菌,X-H10-2,����,ɽ������,-,-,/,/,+,/,18,42,K,A,+,  -,/,/,/,/
沙门氏菌,X-F7-2,�ָ���,ɽ������,-,-,/,/,+,/,2,19,K,A,+,  -,/,/,/,/
沙门氏菌,X-H10-4,����,ɽ������,-,-,/,/,+,/,18,42,K,A,+,  -,/,/,/,/
沙门氏菌,X-F4-1,�ָ���,ɽ������,-,+,/,/,+,/,2,19,K,A,+,  +,/,/,/,/
沙门氏菌,X-G10-1,���,ɽ������,-,��,/,/,+,/,18,42,K,A,+,  -,/,/,/,/
沙门氏菌,BX-F4-3,�ָ���,ɽ������,-,+,/,/,+,/,2,19,K,A,+,  +,/,/,/,/
沙门氏菌,B-E7,ȥƤǰ,ɽ������,-,+,/,/,+,/,18,42,K,A,+,  +,/,/,/,/
沙门氏菌,X-B6-1,ȥƤǰ,ɽ������,-,-,/,/,+,/,2,19,K,A,+,  -,/,/,/,/
沙门氏菌,X-F7-1,�ָ���,ɽ������,-,-,/,/,+,/,2,19,K,A,+,  -,/,/,/,/
沙门氏菌,B-G5-2,���,ɽ������,-,��,/,/,+,/,2,19,K,A,+,  -,/,/,/,/
沙门氏菌,G2-1,���,ɽ������,-,+,/,/,+,/,18,42,K,A,+,  -,/,/,/,/
沙门氏菌,G5-3,���,ɽ������,-,+,/,/,+,/,18,42,K,A,+,  -,/,/,/,/
沙门氏菌,X-B1-3,ȥƤǰ,ɽ������,-,+,/,/,+,/,2,19,K,A,+,  -,/,/,/,/
沙门氏菌,BX-F2-3,�ָ���,ɽ������,-,+,/,/,+,/,2,19,K,A,+,  -,/,/,/,/
沙门氏菌,X-A6-2,����Ȧ,ɽ������,-,+,/,/,+,/,2,19,K,A,+,  -,/,/,/,/
沙门氏菌,X-B7-2,ȥƤǰ,ɽ������,-,+,/,/,+,/,2,19,K,A,+,  -,/,/,/,/
沙门氏菌,C4,ȥƤ��,ɽ������,+,+,/,/,+,/,2,19,/,/,/,/,/,/,/,/
沙门氏菌,X-B8-1,ȥƤǰ,ɽ������,-,+,/,/,+,/,2,19,K,A,+,  -,/,/,/,/
沙门氏菌,BX-F4-2,�ָ���,ɽ������,-,+,/,/,+,/,2,19,K,A,+,  +,/,/,/,/
沙门氏菌,X-B7-2,,,/,/,/,/,/,/,2,19,/,/,/,/,/,/,/,/
沙门氏菌,X-H10-4,,,/,/,/,/,/,/,18,42,K,A,+,  -,/,/,/,/
沙门氏菌,BX-F2-3,,,/,/,/,/,/,/,/,/,K,A,+,  +,/,/,/,/
沙门氏菌,A1-1,,A��,/,/,/,/,/,/,/,/,/,/,/,/,/,/,��ɭ,ST469
沙门氏菌,A1-2,,A��,/,/,/,/,/,/,/,/,/,/,/,/,/,/,��ɭ,ST469
沙门氏菌,A1-3,,A��,/,/,/,/,/,/,/,/,/,/,/,/,/,/,��ɭ,ST469
沙门氏菌,A2-1,,A��,/,/,/,/,/,/,/,/,/,/,/,/,/,/,���˺�,ST34
沙门氏菌,A3-3,,A��,/,/,/,/,/,/,/,/,/,/,/,/,/,/,��ɭ,ST469
沙门氏菌,A4-1,,A��,/,/,/,/,/,/,/,/,/,/,/,/,/,/,���˺�,ST34
沙门氏菌,A4-2,,A��,/,/,/,/,/,/,/,/,/,/,/,/,/,/,���˺�,ST34
沙门氏菌,A5-1,,A��,/,/,/,/,/,/,/,/,/,/,/,/,/,/,��ɭ,ST469
沙门氏菌,A5-2,,A��,/,/,/,/,/,/,/,/,/,/,/,/,/,/,��ɭ,ST469
沙门氏菌,A5-3,,A��,/,/,/,/,/,/,/,/,/,/,/,/,/,/,��ɭ,ST469
沙门氏菌,A6-1,,A��,/,/,/,/,/,/,/,/,/,/,/,/,/,/,���˺�,ST34
沙门氏菌,A6-3,,A��,/,/,/,/,/,/,/,/,/,/,/,/,/,/,���˺�,ST34
沙门氏菌,A7-2,,A��,/,/,/,/,/,/,/,/,/,/,/,/,/,/,���˺�,ST34
沙门氏菌,A7-3,,A��,/,/,/,/,/,/,/,/,/,/,/,/,/,/,���˺�,ST34
沙门氏菌,A8-1,,A��,/,/,/,/,/,/,/,/,/,/,/,/,/,/,��ɭ,ST469
沙门氏菌,A8-2,,A��,/,/,/,/,/,/,/,/,/,/,/,/,/,/,��ɭ,ST469
沙门氏菌,A9-1,,A��,/,/,/,/,/,/,/,/,/,/,/,/,/,/,���˺�,ST34
沙门氏菌,A9-2,,A��,/,/,/,/,/,/,/,/,/,/,/,/,/,/,���˺�,ST34
沙门氏菌,A9-3,,A��,/,/,/,/,/,/,/,/,/,/,/,/,/,/,���˺�,ST34
沙门氏菌,B2-2,,A��,/,/,/,/,/,/,/,/,/,/,/,/,/,/,��ɭ,ST469
沙门氏菌,B2-3,,A��,/,/,/,/,/,/,/,/,/,/,/,/,/,/,��ɭ,ST469
沙门氏菌,B3-1,,A��,/,/,/,/,/,/,/,/,/,/,/,/,/,/,��ɭ,ST469
沙门氏菌,B3-2,,A��,/,/,/,/,/,/,/,/,/,/,/,/,/,/,��ɭ,ST469
沙门氏菌,B3-3,,A��,/,/,/,/,/,/,/,/,/,/,/,/,/,/,��ɭ,ST469
沙门氏菌,B4-1,,A��,/,/,/,/,/,/,/,/,/,/,/,/,/,/,��ɭ,ST469
沙门氏菌,B4-2,,A��,/,/,/,/,/,/,/,/,/,/,/,/,/,/,��ɭ,ST469
沙门氏菌,B4-3,,A��,/,/,/,/,/,/,/,/,/,/,/,/,/,/,��ɭ,ST469
沙门氏菌,C1-2,,A��,/,/,/,/,/,/,/,/,/,/,/,/,/,/,�¶���,ST40
沙门氏菌,C1-3,,A��,/,/,/,/,/,/,/,/,/,/,/,/,/,/,�¶���,ST40
沙门氏菌,C2-1,,A��,/,/,/,/,/,/,/,/,/,/,/,/,/,/,�¶���,ST40
沙门氏菌,C2-3,,A��,/,/,/,/,/,/,/,/,/,/,/,/,/,/,�¶���,ST40
沙门氏菌,C3-1,,A��,/,/,/,/,/,/,/,/,/,/,/,/,/,/,�¶���,ST40
沙门氏菌,C3-2,,A��,/,/,/,/,/,/,/,/,/,/,/,/,/,/,�¶���,ST40
沙门氏菌,C3-3,,A��,/,/,/,/,/,/,/,/,/,/,/,/,/,/,�¶���,ST40
沙门氏菌,D1-2,,A��,/,/,/,/,/,/,/,/,/,/,/,/,/,/,���˺�,ST34
沙门氏菌,D2-2,,A��,/,/,/,/,/,/,/,/,/,/,/,/,/,/,���˺�,ST34
沙门氏菌,D4-1,,A��,/,/,/,/,/,/,/,/,/,/,/,/,/,/,���˺�,ST34
沙门氏菌,D5-1,,A��,/,/,/,/,/,/,/,/,/,/,/,/,/,/,���˺�,ST34
沙门氏菌,D5-2,,A��,/,/,/,/,/,/,/,/,/,/,/,/,/,/,���˺�,ST34
沙门氏菌,D6-1,,A��,/,/,/,/,/,/,/,/,/,/,/,/,/,/,���˺�,ST34
沙门氏菌,D6-2,,A��,/,/,/,/,/,/,/,/,/,/,/,/,/,/,���˺�,ST34
沙门氏菌,D6-3,,A��,/,/,/,/,/,/,/,/,/,/,/,/,/,/,���˺�,ST34
沙门氏菌,E1-1,,A��,/,/,/,/,/,/,/,/,/,/,/,/,/,/,��ɭ,ST469
沙门氏菌,E1-2,,A��,/,/,/,/,/,/,/,/,/,/,/,/,/,/,��ɭ,ST469
沙门氏菌,E1-3,,A��,/,/,/,/,/,/,/,/,/,/,/,/,/,/,��ɭ,ST469
沙门氏菌,E3-1,,A��,/,/,/,/,/,/,/,/,/,/,/,/,/,/,��ɭ,ST469
沙门氏菌,E3-2,,A��,/,/,/,/,/,/,/,/,/,/,/,/,/,/,��ɭ,ST469
沙门氏菌,E3-3,,A��,/,/,/,/,/,/,/,/,/,/,/,/,/,/,��ɭ,ST469
沙门氏菌,E5-1,,A��,/,/,/,/,/,/,/,/,/,/,/,/,/,/,��ɭ,ST469
沙门氏菌,E5-2,,A��,/,/,/,/,/,/,/,/,/,/,/,/,/,/,��ɭ,ST469
沙门氏菌,E5-3,,A��,/,/,/,/,/,/,/,/,/,/,/,/,/,/,��ɭ,ST469
沙门氏菌,F1-1,,A��,/,/,/,/,/,/,/,/,/,/,/,/,/,/,��ɭ,ST469
沙门氏菌,F1-2,,A��,/,/,/,/,/,/,/,/,/,/,/,/,/,/,��ɭ,ST469
沙门氏菌,F2-1,,A��,/,/,/,/,/,/,/,/,/,/,/,/,/,/,�¶���,ST40
沙门氏菌,F2-2,,A��,/,/,/,/,/,/,/,/,/,/,/,/,/,/,�¶���,ST40
沙门氏菌,F3-2,,A��,/,/,/,/,/,/,/,/,/,/,/,/,/,/,��ɭ,ST469
沙门氏菌,F4-1,,A��,/,/,/,/,/,/,/,/,/,/,/,/,/,/,��ɭ,ST469
沙门氏菌,F4-2,,A��,/,/,/,/,/,/,/,/,/,/,/,/,/,/,��ɭ,ST469
沙门氏菌,F4-3,,A��,/,/,/,/,/,/,/,/,/,/,/,/,/,/,��ɭ,ST469
沙门氏菌,F5-1,,A��,/,/,/,/,/,/,/,/,/,/,/,/,/,/,�¶���,ST40
沙门氏菌,F5-2,,A��,/,/,/,/,/,/,/,/,/,/,/,/,/,/,�¶���,ST40
沙门氏菌,F6-1,,A��,/,/,/,/,/,/,/,/,/,/,/,/,/,/,��ɭ,ST469
沙门氏菌,F6-2,,A��,/,/,/,/,/,/,/,/,/,/,/,/,/,/,��ɭ,ST469
沙门氏菌,F7-1,,A��,/,/,/,/,/,/,/,/,/,/,/,/,/,/,��ɭ,ST469
沙门氏菌,F7-2,,A��,/,/,/,/,/,/,/,/,/,/,/,/,/,/,��ɭ,ST469
沙门氏菌,F7-3,,A��,/,/,/,/,/,/,/,/,/,/,/,/,/,/,��ɭ,ST469
沙门氏菌,F8-1,,A��,/,/,/,/,/,/,/,/,/,/,/,/,/,/,�¶���,ST40
沙门氏菌,F8-2,,A��,/,/,/,/,/,/,/,/,/,/,/,/,/,/,�¶���,ST40
沙门氏菌,F8-3,,A��,/,/,/,/,/,/,/,/,/,/,/,/,/,/,�¶���,ST40
沙门氏菌,G1-2,,A��,/,/,/,/,/,/,/,/,/,/,/,/,/,/,��ɭ,ST469
沙门氏菌,G1-3,,A��,/,/,/,/,/,/,/,/,/,/,/,/,/,/,��ɭ,ST469
沙门氏菌,G2-1,,A��,/,/,/,/,/,/,/,/,/,/,/,/,/,/,��ɭ,ST469
沙门氏菌,G2-2,,A��,/,/,/,/,/,/,/,/,/,/,/,/,/,/,��ɭ,ST469
沙门氏菌,G2-3,,A��,/,/,/,/,/,/,/,/,/,/,/,/,/,/,��ɭ,ST469
沙门氏菌,G3-1,,A��,/,/,/,/,/,/,/,/,/,/,/,/,/,/,��ɭ,ST469
沙门氏菌,G3-2,,A��,/,/,/,/,/,/,/,/,/,/,/,/,/,/,��ɭ,ST469
沙门氏菌,G4-1,,A��,/,/,/,/,/,/,/,/,/,/,/,/,/,/,��ɭ,ST469
沙门氏菌,G4-2,,A��,/,/,/,/,/,/,/,/,/,/,/,/,/,/,��ɭ,ST469
沙门氏菌,H1-1,,A��,/,/,/,/,/,/,/,/,/,/,/,/,/,/,���˺�,ST34
沙门氏菌,H1-2,,A��,/,/,/,/,/,/,/,/,/,/,/,/,/,/,���˺�,ST34
沙门氏菌,H2-1,,A��,/,/,/,/,/,/,/,/,/,/,/,/,/,/,���˺�,ST34
沙门氏菌,H2-2,,A��,/,/,/,/,/,/,/,/,/,/,/,/,/,/,���˺�,ST34
沙门氏菌,H3-1,,A��,/,/,/,/,/,/,/,/,/,/,/,/,/,/,���˺�,ST34
沙门氏菌,H3-2,,A��,/,/,/,/,/,/,/,/,/,/,/,/,/,/,���˺�,ST34
沙门氏菌,H4-1,,A��,/,/,/,/,/,/,/,/,/,/,/,/,/,/,���˺�,ST34
沙门氏菌,H4-2,,A��,/,/,/,/,/,/,/,/,/,/,/,/,/,/,���˺�,ST34
沙门氏菌,H5-1,,A��,/,/,/,/,/,/,/,/,/,/,/,/,/,/,��ɭ,ST469
沙门氏菌,H5-2,,A��,/,/,/,/,/,/,/,/,/,/,/,/,/,/,��ɭ,ST469
沙门氏菌,H6-1,,A��,/,/,/,/,/,/,/,/,/,/,/,/,/,/,��ɭ,ST469
沙门氏菌,H6-2,,A��,/,/,/,/,/,/,/,/,/,/,/,/,/,/,��ɭ,ST469
沙门氏菌,H7-1,,A��,/,/,/,/,/,/,/,/,/,/,/,/,/,/,�׶�,ST155
沙门氏菌,H7-2,,A��,/,/,/,/,/,/,/,/,/,/,/,/,/,/,�׶�,ST155
沙门氏菌,H7-3,,A��,/,/,/,/,/,/,/,/,/,/,/,/,/,/,�׶�,ST155
沙门氏菌,H8-1,,A��,/,/,/,/,/,/,/,/,/,/,/,/,/,/,�׶�,ST155
沙门氏菌,H8-2,,A��,/,/,/,/,/,/,/,/,/,/,/,/,/,/,�׶�,ST155
沙门氏菌,H9-1,,A��,/,/,/,/,/,/,/,/,/,/,/,/,/,/,�׶�,ST155
沙门氏菌,H9-2,,A��,/,/,/,/,/,/,/,/,/,/,/,/,/,/,�׶�,ST155
沙门氏菌,H9-3,,A��,/,/,/,/,/,/,/,/,/,/,/,/,/,/,�׶�,ST155
沙门氏菌,I3-1,,A��,/,/,/,/,/,/,/,/,/,/,/,/,/,/,��ɭ,ST469
沙门氏菌,I3-2,,A��,/,/,/,/,/,/,/,/,/,/,/,/,/,/,��ɭ,ST469
沙门氏菌,I4-1,,A��,/,/,/,/,/,/,/,/,/,/,/,/,/,/,��ɭ,ST469
沙门氏菌,I4-2,,A��,/,/,/,/,/,/,/,/,/,/,/,/,/,/,��ɭ,ST469
沙门氏菌,J1-1,,A��,/,/,/,/,/,/,/,/,/,/,/,/,/,/,��ɭ,ST469
沙门氏菌,J1-2,,A��,/,/,/,/,/,/,/,/,/,/,/,/,/,/,��ɭ,ST469
沙门氏菌,J1-3,,A��,/,/,/,/,/,/,/,/,/,/,/,/,/,/,��ɭ,ST469
沙门氏菌,J2-1,,A��,/,/,/,/,/,/,/,/,/,/,/,/,/,/,��ɭ,ST469
沙门氏菌,J2-2,,A��,/,/,/,/,/,/,/,/,/,/,/,/,/,/,��ɭ,ST469
沙门氏菌,J3-1,,A��,/,/,/,/,/,/,/,/,/,/,/,/,/,/,��ɭ,ST469
沙门氏菌,J3-2,,A��,/,/,/,/,/,/,/,/,/,/,/,/,/,/,��ɭ,ST469
沙门氏菌,J5-1,,A��,/,/,/,/,/,/,/,/,/,/,/,/,/,/,��ɭ,ST469
沙门氏菌,J5-2,,A��,/,/,/,/,/,/,/,/,/,/,/,/,/,/,��ɭ,ST469
沙门氏菌,J5-3,,A��,/,/,/,/,/,/,/,/,/,/,/,/,/,/,��ɭ,ST469
沙门氏菌,K1-1,,A��,/,/,/,/,/,/,/,/,/,/,/,/,/,/,��ɭ,ST469
沙门氏菌,K1-2,,A��,/,/,/,/,/,/,/,/,/,/,/,/,/,/,��ɭ,ST469
沙门氏菌,K1-3,,A��,/,/,/,/,/,/,/,/,/,/,/,/,/,/,��ɭ,ST469
沙门氏菌,K2-1,,A��,/,/,/,/,/,/,/,/,/,/,/,/,/,/,��ɭ,ST469
沙门氏菌,K2-2,,A��,/,/,/,/,/,/,/,/,/,/,/,/,/,/,��ɭ,ST469
沙门氏菌,K2-3,,A��,/,/,/,/,/,/,/,/,/,/,/,/,/,/,��ɭ,ST469
沙门氏菌,K3-1,,A��,/,/,/,/,/,/,/,/,/,/,/,/,/,/,���˺�,ST34
沙门氏菌,K3-2,,A��,/,/,/,/,/,/,/,/,/,/,/,/,/,/,���˺�,ST34
沙门氏菌,K3-3,,A��,/,/,/,/,/,/,/,/,/,/,/,/,/,/,���˺�,ST34
沙门氏菌,K4-1,,A��,/,/,/,/,/,/,/,/,/,/,/,/,/,/,������,ST198
沙门氏菌,K4-2,,A��,/,/,/,/,/,/,/,/,/,/,/,/,/,/,������,ST198
沙门氏菌,K4-3,,A��,/,/,/,/,/,/,/,/,/,/,/,/,/,/,������,ST198
沙门氏菌,K5-1,,A��,/,/,/,/,/,/,/,/,/,/,/,/,/,/,������,ST198
沙门氏菌,K5-2,,A��,/,/,/,/,/,/,/,/,/,/,/,/,/,/,������,ST198
沙门氏菌,K5-3,,A��,/,/,/,/,/,/,/,/,/,/,/,/,/,/,������,ST198
沙门氏菌,K6-1,,A��,/,/,/,/,/,/,/,/,/,/,/,/,/,/,���˺�,ST34
沙门氏菌,K6-3,,A��,/,/,/,/,/,/,/,/,/,/,/,/,/,/,���˺�,ST34
沙门氏菌,L1-1,,A��,/,/,/,/,/,/,/,/,/,/,/,/,/,/,��ɭ,ST469
沙门氏菌,L1-2,,A��,/,/,/,/,/,/,/,/,/,/,/,/,/,/,��ɭ,ST469
沙门氏菌,L1-3,,A��,/,/,/,/,/,/,/,/,/,/,/,/,/,/,��ɭ,ST469
沙门氏菌,L2-1,,A��,/,/,/,/,/,/,/,/,/,/,/,/,/,/,��ɭ,ST469
沙门氏菌,L2-2,,A��,/,/,/,/,/,/,/,/,/,/,/,/,/,/,��ɭ,ST469
沙门氏菌,L6-2,,A��,/,/,/,/,/,/,/,/,/,/,/,/,/,/,��ɭ,ST469
沙门氏菌,L6-3,,A��,/,/,/,/,/,/,/,/,/,/,/,/,/,/,��ɭ,ST469
沙门氏菌,L7-1,,A��,/,/,/,/,/,/,/,/,/,/,/,/,/,/,���˺�,ST34
沙门氏菌,L7-2,,A��,/,/,/,/,/,/,/,/,/,/,/,/,/,/,���˺�,ST34
沙门氏菌,L7-3,,A��,/,/,/,/,/,/,/,/,/,/,/,/,/,/,���˺�,ST34
沙门氏菌,L8-1,,A��,/,/,/,/,/,/,/,/,/,/,/,/,/,/,�׶�,ST155
沙门氏菌,L8-2,,A��,/,/,/,/,/,/,/,/,/,/,/,/,/,/,�׶�,ST155
沙门氏菌,L8-3,,,/,/,/,/,/,/,/,/,/,/,/,/,/,/,�׶�,ST155
沙门氏菌,B��,,B��,/,/,/,/,/,/,/,/,/,/,/,/,/,/,/,/
沙门氏菌,A1-1,,B��,/,/,/,/,/,/,/,/,/,/,/,/,/,/,��ɭ,ST469
沙门氏菌,A1-2,,B��,/,/,/,/,/,/,/,/,/,/,/,/,/,/,��ɭ,ST469
沙门氏菌,A1-3,,B��,/,/,/,/,/,/,/,/,/,/,/,/,/,/,��ɭ,ST469
沙门氏菌,A2-1,,B��,/,/,/,/,/,/,/,/,/,/,/,/,/,/,��ɭ,ST469
沙门氏菌,A2-2,,B��,/,/,/,/,/,/,/,/,/,/,/,/,/,/,��ɭ,ST469
沙门氏菌,A3-1,,B��,/,/,/,/,/,/,/,/,/,/,/,/,/,/,��ɭ,ST469
沙门氏菌,B1-1,,B��,/,/,/,/,/,/,/,/,/,/,/,/,/,/,��ɭ,ST469
沙门氏菌,B1-2,,B��,/,/,/,/,/,/,/,/,/,/,/,/,/,/,��ɭ,ST469
沙门氏菌,B1-3,,B��,/,/,/,/,/,/,/,/,/,/,/,/,/,/,��ɭ,ST469
沙门氏菌,C1-1,,B��,/,/,/,/,/,/,/,/,/,/,/,/,/,/,��ɭ,ST469
沙门氏菌,C1-2,,B��,/,/,/,/,/,/,/,/,/,/,/,/,/,/,��ɭ,ST469
沙门氏菌,C1-3,,B��,/,/,/,/,/,/,/,/,/,/,/,/,/,/,��ɭ,ST469
沙门氏菌,E1-1,,B��,/,/,/,/,/,/,/,/,/,/,/,/,/,/,��ɭ,ST469
沙门氏菌,E1-2,,B��,/,/,/,/,/,/,/,/,/,/,/,/,/,/,��ɭ,ST469
沙门氏菌,E1-3,,B��,/,/,/,/,/,/,/,/,/,/,/,/,/,/,��ɭ,ST469
沙门氏菌,F1-1,,B��,/,/,/,/,/,/,/,/,/,/,/,/,/,/,�¶���,ST40
沙门氏菌,F1-2,,B��,/,/,/,/,/,/,/,/,/,/,/,/,/,/,�¶���,ST40
沙门氏菌,F1-3,,B��,/,/,/,/,/,/,/,/,/,/,/,/,/,/,�¶���,ST40
沙门氏菌,F2-1,,B��,/,/,/,/,/,/,/,/,/,/,/,/,/,/,�¶���,ST40
沙门氏菌,F2-2,,B��,/,/,/,/,/,/,/,/,/,/,/,/,/,/,�¶���,ST40
沙门氏菌,F3-1,,B��,/,/,/,/,/,/,/,/,/,/,/,/,/,/,�¶���,ST40
沙门氏菌,F4-1,,B��,/,/,/,/,/,/,/,/,/,/,/,/,/,/,��ɭ,ST469
沙门氏菌,F4-2,,B��,/,/,/,/,/,/,/,/,/,/,/,/,/,/,��ɭ,ST469
沙门氏菌,F4-3,,B��,/,/,/,/,/,/,/,/,/,/,/,/,/,/,��ɭ,ST469
沙门氏菌,F5-1,,B��,/,/,/,/,/,/,/,/,/,/,/,/,/,/,��ɭ,ST469
沙门氏菌,F5-2,,B��,/,/,/,/,/,/,/,/,/,/,/,/,/,/,��ɭ,ST469
沙门氏菌,F5-3,,B��,/,/,/,/,/,/,/,/,/,/,/,/,/,/,��ɭ,ST469
沙门氏菌,F6-1,,B��,/,/,/,/,/,/,/,/,/,/,/,/,/,/,�¶���,ST40
沙门氏菌,F7-1,,B��,/,/,/,/,/,/,/,/,/,/,/,/,/,/,�¶���,ST40
沙门氏菌,F8-1,,B��,/,/,/,/,/,/,/,/,/,/,/,/,/,/,�¶���,ST40
沙门氏菌,G1-1,,B��,/,/,/,/,/,/,/,/,/,/,/,/,/,/,��ɭ,ST469
沙门氏菌,G1-2,,B��,/,/,/,/,/,/,/,/,/,/,/,/,/,/,��ɭ,ST469
沙门氏菌,H1-1,,B��,/,/,/,/,/,/,/,/,/,/,/,/,/,/,��ɭ,ST469
沙门氏菌,H1-2,,B��,/,/,/,/,/,/,/,/,/,/,/,/,/,/,��ɭ,ST469
沙门氏菌,H1-3,,B��,/,/,/,/,/,/,/,/,/,/,/,/,/,/,��ɭ,ST469
沙门氏菌,H2-1,,B��,/,/,/,/,/,/,/,/,/,/,/,/,/,/,��ɭ,ST469
沙门氏菌,H2-2,,B��,/,/,/,/,/,/,/,/,/,/,/,/,/,/,��ɭ,ST469
沙门氏菌,H2-3,,B��,/,/,/,/,/,/,/,/,/,/,/,/,/,/,��ɭ,ST469
沙门氏菌,H3-1,,B��,/,/,/,/,/,/,/,/,/,/,/,/,/,/,��ɭ,ST469
沙门氏菌,H3-2,,B��,/,/,/,/,/,/,/,/,/,/,/,/,/,/,��ɭ,ST469
沙门氏菌,H3-3,,B��,/,/,/,/,/,/,/,/,/,/,/,/,/,/,��ɭ,ST469
沙门氏菌,H4-1,,B��,/,/,/,/,/,/,/,/,/,/,/,/,/,/,��ɭ,ST469
沙门氏菌,H4-2,,B��,/,/,/,/,/,/,/,/,/,/,/,/,/,/,��ɭ,ST469
沙门氏菌,H4-3,,B��,/,/,/,/,/,/,/,/,/,/,/,/,/,/,��ɭ,ST469
沙门氏菌,H5-1,,B��,/,/,/,/,/,/,/,/,/,/,/,/,/,/,��ɭ,ST469
沙门氏菌,H5-2,,B��,/,/,/,/,/,/,/,/,/,/,/,/,/,/,��ɭ,ST469
沙门氏菌,H5-3,,B��,/,/,/,/,/,/,/,/,/,/,/,/,/,/,��ɭ,ST469
沙门氏菌,I1-1,,B��,/,/,/,/,/,/,/,/,/,/,/,/,/,/,���˺�,ST34
沙门氏菌,I1-2,,B��,/,/,/,/,/,/,/,/,/,/,/,/,/,/,���˺�,ST34
沙门氏菌,I1-3,,B��,/,/,/,/,/,/,/,/,/,/,/,/,/,/,���˺�,ST34
沙门氏菌,J1-1,,B��,/,/,/,/,/,/,/,/,/,/,/,/,/,/,���˺�,ST34
沙门氏菌,J1-2,,B��,/,/,/,/,/,/,/,/,/,/,/,/,/,/,���˺�,ST34
沙门氏菌,J1-3,,B��,/,/,/,/,/,/,/,/,/,/,/,/,/,/,���˺�,ST34
沙门氏菌,J2-2,,B��,/,/,/,/,/,/,/,/,/,/,/,/,/,/,���˺�,ST34
沙门氏菌,J3-1,,B��,/,/,/,/,/,/,/,/,/,/,/,/,/,/,���˺�,ST34
沙门氏菌,J3-2,,B��,/,/,/,/,/,/,/,/,/,/,/,/,/,/,���˺�,ST34
沙门氏菌,J3-3,,B��,/,/,/,/,/,/,/,/,/,/,/,/,/,/,���˺�,ST34
沙门氏菌,K1-1,,B��,/,/,/,/,/,/,/,/,/,/,/,/,/,/,��ɭ,ST469
沙门氏菌,K1-2,,B��,/,/,/,/,/,/,/,/,/,/,/,/,/,/,��ɭ,ST469
沙门氏菌,K1-3,,B��,/,/,/,/,/,/,/,/,/,/,/,/,/,/,��ɭ,ST469
沙门氏菌,K2-1,,B��,/,/,/,/,/,/,/,/,/,/,/,/,/,/,��ɭ,ST469
沙门氏菌,K2-2,,B��,/,/,/,/,/,/,/,/,/,/,/,/,/,/,��ɭ,ST469
沙门氏菌,K3-1,,B��,/,/,/,/,/,/,/,/,/,/,/,/,/,/,��ɭ,ST469
沙门氏菌,L1-1,,B��,/,/,/,/,/,/,/,/,/,/,/,/,/,/,���˺�,ST34
沙门氏菌,L1-2,,B��,/,/,/,/,/,/,/,/,/,/,/,/,/,/,���˺�,ST34
沙门氏菌,L1-3,,B��,/,/,/,/,/,/,/,/,/,/,/,/,/,/,���˺�,ST34
沙门氏菌,C��,,,/,/,/,/,/,/,/,/,/,/,/,/,/,/,/,/
沙门氏菌,A1-1,,C��,/,/,/,/,/,/,/,/,/,/,/,/,/,/,�¶���,ST40
沙门氏菌,A1-2,,C��,/,/,/,/,/,/,/,/,/,/,/,/,/,/,�¶���,ST40
沙门氏菌,A1-3,,C��,/,/,/,/,/,/,/,/,/,/,/,/,/,/,�¶���,ST40
沙门氏菌,A2-1,,C��,/,/,/,/,/,/,/,/,/,/,/,/,/,/,�¶���,ST40
沙门氏菌,A3-1,,C��,/,/,/,/,/,/,/,/,/,/,/,/,/,/,�¶���,ST40
沙门氏菌,A3-2,,C��,/,/,/,/,/,/,/,/,/,/,/,/,/,/,�¶���,ST40
沙门氏菌,A4-1,,C��,/,/,/,/,/,/,/,/,/,/,/,/,/,/,�¶���,ST40
沙门氏菌,A5-1,,C��,/,/,/,/,/,/,/,/,/,/,/,/,/,/,�¶���,ST40
沙门氏菌,B2-2,,C��,/,/,/,/,/,/,/,/,/,/,/,/,/,/,���˺�,ST34
沙门氏菌,C1-2,,C��,/,/,/,/,/,/,/,/,/,/,/,/,/,/,���˺�,ST34
沙门氏菌,C1-3,,C��,/,/,/,/,/,/,/,/,/,/,/,/,/,/,���˺�,ST34
沙门氏菌,D1-1,,C��,/,/,/,/,/,/,/,/,/,/,/,/,/,/,���˺�,ST34
沙门氏菌,D1-2,,C��,/,/,/,/,/,/,/,/,/,/,/,/,/,/,���˺�,ST34
沙门氏菌,E1-1,,C��,/,/,/,/,/,/,/,/,/,/,/,/,/,/,���˺�,ST34
沙门氏菌,E1-2,,C��,/,/,/,/,/,/,/,/,/,/,/,/,/,/,���˺�,ST34
沙门氏菌,F1-1,,C��,/,/,/,/,/,/,/,/,/,/,/,/,/,/,���˺�,ST34
沙门氏菌,F1-2,,C��,/,/,/,/,/,/,/,/,/,/,/,/,/,/,���˺�,ST34
沙门氏菌,F1-3,,C��,/,/,/,/,/,/,/,/,/,/,/,/,/,/,���˺�,ST34
沙门氏菌,F2-2,,C��,/,/,/,/,/,/,/,/,/,/,/,/,/,/,���˺�,ST34
沙门氏菌,F3-1,,C��,/,/,/,/,/,/,/,/,/,/,/,/,/,/,���˺�,ST34
沙门氏菌,F3-2,,C��,/,/,/,/,/,/,/,/,/,/,/,/,/,/,���˺�,ST34
沙门氏菌,F4-1,,C��,/,/,/,/,/,/,/,/,/,/,/,/,/,/,���˺�,ST34
沙门氏菌,F4-2,,C��,/,/,/,/,/,/,/,/,/,/,/,/,/,/,���˺�,ST34
沙门氏菌,F4-3,,C��,/,/,/,/,/,/,/,/,/,/,/,/,/,/,���˺�,ST34
沙门氏菌,G1-1,,C��,/,/,/,/,/,/,/,/,/,/,/,/,/,/,���˺�,ST34
沙门氏菌,G2-1,,C��,/,/,/,/,/,/,/,/,/,/,/,/,/,/,���˺�,ST34
沙门氏菌,G2-2,,C��,/,/,/,/,/,/,/,/,/,/,/,/,/,/,���˺�,ST34
沙门氏菌,H1-2,,C��,/,/,/,/,/,/,/,/,/,/,/,/,/,/,���˺�,ST34
沙门氏菌,H1-3,,C��,/,/,/,/,/,/,/,/,/,/,/,/,/,/,���˺�,ST34
沙门氏菌,H2-1,,C��,/,/,/,/,/,/,/,/,/,/,/,/,/,/,���˺�,ST34
沙门氏菌,H2-3,,C��,/,/,/,/,/,/,/,/,/,/,/,/,/,/,���˺�,ST34
沙门氏菌,H4-1,,C��,/,/,/,/,/,/,/,/,/,/,/,/,/,/,���˺�,ST34
沙门氏菌,H4-2,,C��,/,/,/,/,/,/,/,/,/,/,/,/,/,/,���˺�,ST34
沙门氏菌,H4-3,,C��,/,/,/,/,/,/,/,/,/,/,/,/,/,/,���˺�,ST34
沙门氏菌,H5-1,,C��,/,/,/,/,/,/,/,/,/,/,/,/,/,/,���˺�,ST34
沙门氏菌,H5-2,,C��,/,/,/,/,/,/,/,/,/,/,/,/,/,/,���˺�,ST34
沙门氏菌,H5-3,,C��,/,/,/,/,/,/,/,/,/,/,/,/,/,/,���˺�,ST34
沙门氏菌,H6-1,,C��,/,/,/,/,/,/,/,/,/,/,/,/,/,/,���˺�,ST34
沙门氏菌,H6-2,,C��,/,/,/,/,/,/,/,/,/,/,/,/,/,/,���˺�,ST34
沙门氏菌,L1-2,,C��,/,/,/,/,/,/,/,/,/,/,/,/,/,/,��ɭ,ST469
沙门氏菌,L2-2,,C��,/,/,/,/,/,/,/,/,/,/,/,/,/,/,��ɭ,ST469
沙门氏菌,J1-2,,C��,/,/,/,/,/,/,/,/,/,/,/,/,/,/,���˺�,ST34
沙门氏菌,J2-3,,C��,/,/,/,/,/,/,/,/,/,/,/,/,/,/,���˺�,ST34
沙门氏菌,K1-1,,C��,/,/,/,/,/,/,/,/,/,/,/,/,/,/,�׶�,ST155
沙门氏菌,K1-2,,C��,/,/,/,/,/,/,/,/,/,/,/,/,/,/,�׶�,ST155
沙门氏菌,K1-3,,C��,/,/,/,/,/,/,/,/,/,/,/,/,/,/,�׶�,ST155
沙门氏菌,K2-1,,C��,/,/,/,/,/,/,/,/,/,/,/,/,/,/,�׶�,ST155
沙门氏菌,K2-3,,C��,/,/,/,/,/,/,/,/,/,/,/,/,/,/,�׶�,ST155
沙门氏菌,����,,C��,/,/,/,/,/,/,/,/,/,/,/,/,/,/,/,/
沙门氏菌,J1-1,,C��,/,/,/,/,/,/,/,/,/,/,/,/,/,/,���˺�,ST34
沙门氏菌,J1-2,,C��,/,/,/,/,/,/,/,/,/,/,/,/,/,/,���˺�,ST34
沙门氏菌,J1-3,,C��,/,/,/,/,/,/,/,/,/,/,/,/,/,/,���˺�,ST34
沙门氏菌,J2-1,,C��,/,/,/,/,/,/,/,/,/,/,/,/,/,/,���˺�,ST34
沙门氏菌,J2-2,,C��,/,/,/,/,/,/,/,/,/,/,/,/,/,/,���˺�,ST34
沙门氏菌,J3-3,,C��,/,/,/,/,/,/,/,/,/,/,/,/,/,/,���˺�,ST34
沙门氏菌,H1-1,,C��,/,/,/,/,/,/,/,/,/,/,/,/,/,/,�¶���,ST40
沙门氏菌,H1-2,,C��,/,/,/,/,/,/,/,/,/,/,/,/,/,/,�¶���,ST40
沙门氏菌,H2-1,,C��,/,/,/,/,/,/,/,/,/,/,/,/,/,/,�¶���,ST40
沙门氏菌,H2-2,,C��,/,/,/,/,/,/,/,/,/,/,/,/,/,/,�¶���,ST40
沙门氏菌,H2-3,,C��,/,/,/,/,/,/,/,/,/,/,/,/,/,/,�¶���,ST40
沙门氏菌,Q1-3,,C��,/,/,/,/,/,/,/,/,/,/,/,/,/,/,��ɭ,ST469
李斯特菌,李斯特菌 D1,ȥƤǰ,ɽ��ʡ,/,/,/,/,/,/,/,19,/,/,/,/,/,/,/,/
李斯特菌,李斯特菌 D2,ȥ���������,ɽ��ʡ,/,/,/,/,/,/,/,8,/,/,/,/,/,/,/,/
李斯特菌,李斯特菌 D3,����Ȧ,ɽ��ʡ,/,/,/,/,/,/,/,9,/,/,/,/,/,/,/,/
李斯特菌,李斯特菌 D4,���,ɽ��ʡ,/,/,/,/,/,/,/,9,/,/,/,/,/,/,/,/
李斯特菌,李斯特菌 D5,ȥ���������,ɽ��ʡ,/,/,/,/,/,/,/,8,/,/,/,/,/,/,/,/
李斯特菌,李斯特菌 D6,ȥ���������,ɽ��ʡ,/,/,/,/,/,/,/,8,/,/,/,/,/,/,/,/
李斯特菌,李斯特菌 D7,���ܺ�����,ɽ��ʡ,/,/,/,/,/,/,/,8,/,/,/,/,/,/,/,/
李斯特菌,李斯特菌 D8,���ܺ�����,ɽ��ʡ,/,/,/,/,/,/,/,8,/,/,/,/,/,/,/,/
李斯特菌,李斯特菌 D9,���ܺ�����,ɽ��ʡ,/,/,/,/,/,/,/,8,/,/,/,/,/,/,/,/
李斯特菌,李斯特菌 D10,ȥ���������,ɽ��ʡ,/,/,/,/,/,/,/,8,/,/,/,/,/,/,/,/
李斯特菌,李斯特菌 D11,���ܺ�����,ɽ��ʡ,/,/,/,/,/,/,/,8,/,/,/,/,/,/,/,/
李斯特菌,李斯特菌 D12,ȥ���������,ɽ��ʡ,/,/,/,/,/,/,/,8,/,/,/,/,/,/,/,/
李斯特菌,李斯特菌 D13,ȥ���������,ɽ��ʡ,/,/,/,/,/,/,/,8,/,/,/,/,/,/,/,/
李斯特菌,李斯特菌 D14,���ܺ�����,ɽ��ʡ,/,/,/,/,/,/,/,8,/,/,/,/,/,/,/,/
李斯特菌,李斯特菌 D15,ȥ���������,ɽ��ʡ,/,/,/,/,/,/,/,8,/,/,/,/,/,/,/,/
李斯特菌,李斯特菌 D16,ȥ���������,ɽ��ʡ,/,/,/,/,/,/,/,8,/,/,/,/,/,/,/,/
李斯特菌,李斯特菌 D17,ȥ���������,ɽ��ʡ,/,/,/,/,/,/,/,8,/,/,/,/,/,/,/,/
李斯特菌,李斯特菌 D18,ȥ���������,ɽ��ʡ,/,/,/,/,/,/,/,8,/,/,/,/,/,/,/,/
李斯特菌,李斯特菌 D19,���ܺ�����,ɽ��ʡ,/,/,/,/,/,/,/,8,/,/,/,/,/,/,/,/
李斯特菌,李斯特菌 D20,���ܺ�����,ɽ��ʡ,/,/,/,/,/,/,/,8,/,/,/,/,/,/,/,/
李斯特菌,李斯特菌 D21,���ܺ�����,ɽ��ʡ,/,/,/,/,/,/,/,8,/,/,/,/,/,/,/,/
李斯特菌,李斯特菌 D22,ȥ���������,ɽ��ʡ,/,/,/,/,/,/,/,8,/,/,/,/,/,/,/,/
李斯特菌,李斯特菌 D24,���ܺ�����,ɽ��ʡ,/,/,/,/,/,/,/,8,/,/,/,/,/,/,/,/
李斯特菌,李斯特菌 D25,���ܺ�����,ɽ��ʡ,/,/,/,/,/,/,/,8,/,/,/,/,/,/,/,/
李斯特菌,李斯特菌 D26,���ܺ�����,ɽ��ʡ,/,/,/,/,/,/,/,8,/,/,/,/,/,/,/,/
李斯特菌,李斯特菌 D27,ȥ���������,ɽ��ʡ,/,/,/,/,/,/,/,8,/,/,/,/,/,/,/,/
李斯特菌,李斯特菌 D28,���ܺ�����,ɽ��ʡ,/,/,/,/,/,/,/,8,/,/,/,/,/,/,/,/
李斯特菌,李斯特菌 D29,��ȴ������,ɽ��ʡ,/,/,/,/,/,/,/,8,/,/,/,/,/,/,/,/
李斯特菌,李斯特菌 D30,��ȴ������,ɽ��ʡ,/,/,/,/,/,/,/,8,/,/,/,/,/,/,/,/
李斯特菌,李斯特菌 D31,��ȴ������,ɽ��ʡ,/,/,/,/,/,/,/,8,/,/,/,/,/,/,/,/
李斯特菌,李斯特菌 D32,��ȴ������,ɽ��ʡ,/,/,/,/,/,/,/,8,/,/,/,/,/,/,/,/
李斯特菌,李斯特菌 D33,�ָ���,ɽ��ʡ,/,/,/,/,/,/,/,8,/,/,/,/,/,/,/,/
李斯特菌,李斯特菌 D34,�����ǽ��,ɽ��ʡ,/,/,/,/,/,/,/,9,/,/,/,/,/,/,/,/
李斯特菌,李斯特菌 D35,�����豸,ɽ��ʡ,/,/,/,/,/,/,/,8,/,/,/,/,/,/,/,/
李斯特菌,李斯特菌 D36,�����豸,ɽ��ʡ,/,/,/,/,/,/,/,8,/,/,/,/,/,/,/,/
李斯特菌,李斯特菌 D37,����Ȧ,ɽ��ʡ,/,/,/,/,/,/,/,19,/,/,/,/,/,/,/,/
李斯特菌,李斯特菌 D38,����Ȧ,ɽ��ʡ,/,/,/,/,/,/,/,19,/,/,/,/,/,/,/,/
李斯特菌,李斯特菌 D39,����Ȧ,ɽ��ʡ,/,/,/,/,/,/,/,19,/,/,/,/,/,/,/,/
李斯特菌,李斯特菌 D40,ȥƤǰ,ɽ��ʡ,/,/,/,/,/,/,/,19,/,/,/,/,/,/,/,/
李斯特菌,李斯特菌 D41,ȥƤǰ,ɽ��ʡ,/,/,/,/,/,/,/,19,/,/,/,/,/,/,/,/
李斯特菌,李斯特菌 D42,ȥƤǰ,ɽ��ʡ,/,/,/,/,/,/,/,19,/,/,/,/,/,/,/,/
李斯特菌,李斯特菌 D43,ȥ���������,ɽ��ʡ,/,/,/,/,/,/,/,9,/,/,/,/,/,/,/,/
李斯特菌,李斯特菌 D44,ȥ���������,ɽ��ʡ,/,/,/,/,/,/,/,19,/,/,/,/,/,/,/,/
李斯特菌,李斯特菌 D45,���ܺ�����,ɽ��ʡ,/,/,/,/,/,/,/,121,/,/,/,/,/,/,/,/
李斯特菌,李斯特菌 D46,���ܺ�����,ɽ��ʡ,/,/,/,/,/,/,/,121,/,/,/,/,/,/,/,/
李斯特菌,李斯特菌 D47,���ܺ�����,ɽ��ʡ,/,/,/,/,/,/,/,121,/,/,/,/,/,/,/,/
李斯特菌,李斯特菌 D48,���ܺ�����,ɽ��ʡ,/,/,/,/,/,/,/,121,/,/,/,/,/,/,/,/
李斯特菌,李斯特菌 D49,��ȴ������,ɽ��ʡ,/,/,/,/,/,/,/,19,/,/,/,/,/,/,/,/
李斯特菌,李斯特菌 D50,��ȴ������,ɽ��ʡ,/,/,/,/,/,/,/,19,/,/,/,/,/,/,/,/
李斯特菌,李斯特菌 D51,��ȴ������,ɽ��ʡ,/,/,/,/,/,/,/,19,/,/,/,/,/,/,/,/
李斯特菌,李斯特菌 D52,��ȴ������,ɽ��ʡ,/,/,/,/,/,/,/,19,/,/,/,/,/,/,/,/
李斯特菌,李斯特菌 D53,��ȴ������,ɽ��ʡ,/,/,/,/,/,/,/,19,/,/,/,/,/,/,/,/
李斯特菌,李斯特菌 D54,�ָ���,ɽ��ʡ,/,/,/,/,/,/,/,9,/,/,/,/,/,/,/,/
李斯特菌,李斯特菌 D55,�ָ���,ɽ��ʡ,/,/,/,/,/,/,/,9,/,/,/,/,/,/,/,/
李斯特菌,李斯特菌 D56,�ָ���,ɽ��ʡ,/,/,/,/,/,/,/,9,/,/,/,/,/,/,/,/
李斯特菌,李斯特菌 D57,�ָ���,ɽ��ʡ,/,/,/,/,/,/,/,9,/,/,/,/,/,/,/,/
李斯特菌,李斯特菌 D58,�ָ���,ɽ��ʡ,/,/,/,/,/,/,/,9,/,/,/,/,/,/,/,/
李斯特菌,李斯特菌 D59,ȥƤǰ,ɽ��ʡ,/,/,/,/,/,/,/,121,/,/,/,/,/,/,/,/
李斯特菌,李斯特菌 D60,ȥ���������,ɽ��ʡ,/,/,/,/,/,/,/,9,/,/,/,/,/,/,/,/
李斯特菌,李斯特菌 D61,ȥ���������,ɽ��ʡ,/,/,/,/,/,/,/,9,/,/,/,/,/,/,/,/
李斯特菌,李斯特菌 D62,ȥ���������,ɽ��ʡ,/,/,/,/,/,/,/,121,/,/,/,/,/,/,/,/
李斯特菌,李斯特菌 D63,���ܺ�����,ɽ��ʡ,/,/,/,/,/,/,/,9,/,/,/,/,/,/,/,/
李斯特菌,李斯特菌 D64,���ܺ�����,ɽ��ʡ,/,/,/,/,/,/,/,9,/,/,/,/,/,/,/,/
李斯特菌,李斯特菌 D65,���ܺ�����,ɽ��ʡ,/,/,/,/,/,/,/,9,/,/,/,/,/,/,/,/
李斯特菌,李斯特菌 D67,��ȴ������,ɽ��ʡ,/,/,/,/,/,/,/,9,/,/,/,/,/,/,/,/
李斯特菌,李斯特菌 D68,��ȴ������,ɽ��ʡ,/,/,/,/,/,/,/,9,/,/,/,/,/,/,/,/
李斯特菌,李斯特菌 D69,��ȴ������,ɽ��ʡ,/,/,/,/,/,/,/,9,/,/,/,/,/,/,/,/
李斯特菌,李斯特菌 D70,�ָ���,ɽ��ʡ,/,/,/,/,/,/,/,9,/,/,/,/,/,/,/,/
李斯特菌,李斯特菌 D71,�ָ���,ɽ��ʡ,/,/,/,/,/,/,/,9,/,/,/,/,/,/,/,/
李斯特菌,李斯特菌 D72,�ָ���,ɽ��ʡ,/,/,/,/,/,/,/,9,/,/,/,/,/,/,/,/
李斯特菌,李斯特菌 D73,�ָ���,ɽ��ʡ,/,/,/,/,/,/,/,9,/,/,/,/,/,/,/,/
李斯特菌,李斯特菌 D74,�ָ���,ɽ��ʡ,/,/,/,/,/,/,/,9,/,/,/,/,/,/,/,/
李斯特菌,李斯特菌 D75,���,ɽ��ʡ,/,/,/,/,/,/,/,121,/,/,/,/,/,/,/,/
李斯特菌,李斯特菌 D76,ȥ���������,ɽ��ʡ,/,/,/,/,/,/,/,9,/,/,/,/,/,/,/,/
李斯特菌,李斯特菌 D78,ȥ���������,ɽ��ʡ,/,/,/,/,/,/,/,9,/,/,/,/,/,/,/,/
李斯特菌,李斯特菌 D79,���ܺ�����,ɽ��ʡ,/,/,/,/,/,/,/,9,/,/,/,/,/,/,/,/
李斯特菌,李斯特菌 D80,���ܺ�����,ɽ��ʡ,/,/,/,/,/,/,/,9,/,/,/,/,/,/,/,/
李斯特菌,李斯特菌 D81,���ܺ�����,ɽ��ʡ,/,/,/,/,/,/,/,9,/,/,/,/,/,/,/,/
李斯特菌,李斯特菌 D82,���ܺ�����,ɽ��ʡ,/,/,/,/,/,/,/,121,/,/,/,/,/,/,/,/
李斯特菌,李斯特菌 D83,��ȴ������,ɽ��ʡ,/,/,/,/,/,/,/,9,/,/,/,/,/,/,/,/
李斯特菌,李斯特菌 D84,��ȴ������,ɽ��ʡ,/,/,/,/,/,/,/,9,/,/,/,/,/,/,/,/
李斯特菌,李斯特菌 D85,��ȴ������,ɽ��ʡ,/,/,/,/,/,/,/,121,/,/,/,/,/,/,/,/
李斯特菌,李斯特菌 D86,��ȴ������,ɽ��ʡ,/,/,/,/,/,/,/,9,/,/,/,/,/,/,/,/
李斯特菌,李斯特菌 D87,�ָ���,ɽ��ʡ,/,/,/,/,/,/,/,9,/,/,/,/,/,/,/,/
李斯特菌,李斯特菌 D88,�ָ���,ɽ��ʡ,/,/,/,/,/,/,/,9,/,/,/,/,/,/,/,/
李斯特菌,李斯特菌 D89,�ָ���,ɽ��ʡ,/,/,/,/,/,/,/,9,/,/,/,/,/,/,/,/
李斯特菌,李斯特菌 D90,�ָ���,ɽ��ʡ,/,/,/,/,/,/,/,9,/,/,/,/,/,/,/,/
李斯特菌,李斯特菌 D91,�ָ���,ɽ��ʡ,/,/,/,/,/,/,/,9,/,/,/,/,/,/,/,/
李斯特菌,李斯特菌 D92,���,ɽ��ʡ,/,/,/,/,/,/,/,9,/,/,/,/,/,/,/,/
李斯特菌,李斯特菌 D93,ȥ���������,ɽ��ʡ,/,/,/,/,/,/,/,9,/,/,/,/,/,/,/,/
李斯特菌,李斯特菌 D94,ȥ���������,ɽ��ʡ,/,/,/,/,/,/,/,9,/,/,/,/,/,/,/,/
李斯特菌,李斯特菌 D95,���ܺ�����,ɽ��ʡ,/,/,/,/,/,/,/,9,/,/,/,/,/,/,/,/
李斯特菌,李斯特菌 D96,���ܺ�����,ɽ��ʡ,/,/,/,/,/,/,/,9,/,/,/,/,/,/,/,/
李斯特菌,李斯特菌 D97,��ȴ������,ɽ��ʡ,/,/,/,/,/,/,/,9,/,/,/,/,/,/,/,/
李斯特菌,李斯特菌 D98,��ȴ������,ɽ��ʡ,/,/,/,/,/,/,/,9,/,/,/,/,/,/,/,/
李斯特菌,李斯特菌 D99,�ָ���,ɽ��ʡ,/,/,/,/,/,/,/,9,/,/,/,/,/,/,/,/
李斯特菌,李斯特菌 D100,ȥƤǰ,ɽ��ʡ,/,/,/,/,/,/,/,9,/,/,/,/,/,/,/,/
李斯特菌,李斯特菌 D103,ȥ���������,ɽ��ʡ,/,/,/,/,/,/,/,121,/,/,/,/,/,/,/,/
李斯特菌,李斯特菌 D104,ȥ���������,ɽ��ʡ,/,/,/,/,/,/,/,9,/,/,/,/,/,/,/,/
李斯特菌,李斯特菌 D105,ȥ���������,ɽ��ʡ,/,/,/,/,/,/,/,9,/,/,/,/,/,/,/,/
李斯特菌,李斯特菌 D106,���ܺ�����,ɽ��ʡ,/,/,/,/,/,/,/,121,/,/,/,/,/,/,/,/
李斯特菌,李斯特菌 D107,���ܺ�����,ɽ��ʡ,/,/,/,/,/,/,/,9,/,/,/,/,/,/,/,/
李斯特菌,李斯特菌 D108,���ܺ�����,ɽ��ʡ,/,/,/,/,/,/,/,121,/,/,/,/,/,/,/,/
李斯特菌,李斯特菌 D110,��ȴ������,ɽ��ʡ,/,/,/,/,/,/,/,9,/,/,/,/,/,/,/,/
李斯特菌,李斯特菌 D111,��ȴ������,ɽ��ʡ,/,/,/,/,/,/,/,9,/,/,/,/,/,/,/,/
李斯特菌,李斯特菌 D112,��ȴ������,ɽ��ʡ,/,/,/,/,/,/,/,9,/,/,/,/,/,/,/,/
李斯特菌,李斯特菌 D113,�ָ���,ɽ��ʡ,/,/,/,/,/,/,/,9,/,/,/,/,/,/,/,/
李斯特菌,李斯特菌 D114,�ָ���,ɽ��ʡ,/,/,/,/,/,/,/,9,/,/,/,/,/,/,/,/
李斯特菌,李斯特菌 D115,�ָ���,ɽ��ʡ,/,/,/,/,/,/,/,121,/,/,/,/,/,/,/,/
李斯特菌,李斯特菌 D116,���,ɽ��ʡ,/,/,/,/,/,/,/,121,/,/,/,/,/,/,/,/
李斯特菌,李斯特菌 D117,���,ɽ��ʡ,/,/,/,/,/,/,/,9,/,/,/,/,/,/,/,/
李斯特菌,李斯特菌 D118,ȥ���������,ɽ��ʡ,/,/,/,/,/,/,/,121,/,/,/,/,/,/,/,/
李斯特菌,李斯特菌 D119,ȥ���������,ɽ��ʡ,/,/,/,/,/,/,/,121,/,/,/,/,/,/,/,/
李斯特菌,李斯特菌 D120,ȥ���������,ɽ��ʡ,/,/,/,/,/,/,/,121,/,/,/,/,/,/,/,/
李斯特菌,李斯特菌 D121,ȥ���������,ɽ��ʡ,/,/,/,/,/,/,/,121,/,/,/,/,/,/,/,/
李斯特菌,李斯特菌 D122,ȥ���������,ɽ��ʡ,/,/,/,/,/,/,/,121,/,/,/,/,/,/,/,/
李斯特菌,李斯特菌 D123,ȥ���������,ɽ��ʡ,/,/,/,/,/,/,/,121,/,/,/,/,/,/,/,/
李斯特菌,李斯特菌 D124,���ܺ�����,ɽ��ʡ,/,/,/,/,/,/,/,121,/,/,/,/,/,/,/,/
李斯特菌,李斯特菌 D125,���ܺ�����,ɽ��ʡ,/,/,/,/,/,/,/,9,/,/,/,/,/,/,/,/
李斯特菌,李斯特菌 D126,���ܺ�����,ɽ��ʡ,/,/,/,/,/,/,/,121,/,/,/,/,/,/,/,/
李斯特菌,李斯特菌 D127,���ܺ�����,ɽ��ʡ,/,/,/,/,/,/,/,121,/,/,/,/,/,/,/,/
李斯特菌,李斯特菌 D129,���ܺ�����,ɽ��ʡ,/,/,/,/,/,/,/,121,/,/,/,/,/,/,/,/
李斯特菌,李斯特菌 D130,���ܺ�����,ɽ��ʡ,/,/,/,/,/,/,/,121,/,/,/,/,/,/,/,/
李斯特菌,李斯特菌 D131,���ܺ�����,ɽ��ʡ,/,/,/,/,/,/,/,121,/,/,/,/,/,/,/,/
李斯特菌,李斯特菌 D133,��ȴ������,ɽ��ʡ,/,/,/,/,/,/,/,9,/,/,/,/,/,/,/,/
李斯特菌,李斯特菌 D134,��ȴ������,ɽ��ʡ,/,/,/,/,/,/,/,9,/,/,/,/,/,/,/,/
李斯特菌,李斯特菌 D135,��ȴ������,ɽ��ʡ,/,/,/,/,/,/,/,9,/,/,/,/,/,/,/,/
李斯特菌,李斯特菌 D137,��ȴ������,ɽ��ʡ,/,/,/,/,/,/,/,9,/,/,/,/,/,/,/,/
李斯特菌,李斯特菌 D138,�ָ���,ɽ��ʡ,/,/,/,/,/,/,/,9,/,/,/,/,/,/,/,/
李斯特菌,李斯特菌 D139,�ָ���,ɽ��ʡ,/,/,/,/,/,/,/,9,/,/,/,/,/,/,/,/
李斯特菌,李斯特菌 D140,�ָ���,ɽ��ʡ,/,/,/,/,/,/,/,9,/,/,/,/,/,/,/,/
李斯特菌,李斯特菌 D141,�ָ���,ɽ��ʡ,/,/,/,/,/,/,/,121,/,/,/,/,/,/,/,/
李斯特菌,李斯特菌 D142,�ָ���,ɽ��ʡ,/,/,/,/,/,/,/,121,/,/,/,/,/,/,/,/
李斯特菌,李斯特菌 D143,�ָ���,ɽ��ʡ,/,/,/,/,/,/,/,9,/,/,/,/,/,/,/,/
李斯特菌,李斯特菌 D144,�ָ���,ɽ��ʡ,/,/,/,/,/,/,/,121,/,/,/,/,/,/,/,/
李斯特菌,李斯特菌 D145,Ա��վ̨����,ɽ��ʡ,/,/,/,/,/,/,/,9,/,/,/,/,/,/,/,/
李斯特菌,李斯特菌 D146,�����豸,ɽ��ʡ,/,/,/,/,/,/,/,9,/,/,/,/,/,/,/,/
李斯特菌,李斯特菌 D147,�ָ����ʹ�,ɽ��ʡ,/,/,/,/,/,/,/,9,/,/,/,/,/,/,/,/
李斯特菌,李斯特菌 D148,�ָ����ʹ�,ɽ��ʡ,/,/,/,/,/,/,/,9,/,/,/,/,/,/,/,/
李斯特菌,李斯特菌 D149,�ָ����ʹ�,ɽ��ʡ,/,/,/,/,/,/,/,9,/,/,/,/,/,/,/,/
李斯特菌,李斯特菌 D150,�ָ����ʹ�,ɽ��ʡ,/,/,/,/,/,/,/,9,/,/,/,/,/,/,/,/
 单增李斯特菌, 单增李斯特菌 A13-1 ,ȥƤǰ,ɽ������,/,/,/,/,/,/,/,/,/,/,/,/,1,29,/,/
 单增李斯特菌, 单增李斯特菌 A12-2 ,ȥƤǰ,ɽ������,/,/,/,/,/,/,/,/,/,/,/,/,2,16,/,/
 单增李斯特菌, 单增李斯特菌 A19,ȥƤǰ,ɽ������,/,/,/,/,/,/,/,/,/,/,/,/,1,1,/,/
 单增李斯特菌, 单增李斯特菌 A8-2,ȥƤǰ,ɽ������,/,/,/,/,/,/,/,/,/,/,/,/,4,8,/,/
 单增李斯特菌, 单增李斯特菌 A3-1 ,ȥƤǰ,ɽ������,/,/,/,/,/,/,/,/,/,/,/,/,2,13,/,/
 单增李斯特菌, 单增李斯特菌 A10-1,ȥƤǰ,ɽ������,/,/,/,/,/,/,/,/,/,/,/,/,1,23,/,/
 单增李斯特菌, 单增李斯特菌 A11-2,ȥƤǰ,ɽ������,/,/,/,/,/,/,/,/,/,/,/,/,1,22,/,/
 单增李斯特菌, 单增李斯特菌 A16-2,ȥƤǰ,ɽ������,/,/,/,/,/,/,/,/,/,/,/,/,4,14,/,/
 单增李斯特菌, 单增李斯特菌 A20,ȥƤǰ,ɽ������,/,/,/,/,/,/,/,/,/,/,/,/,5,32,/,/
 单增李斯特菌, 单增李斯特菌 A4-2,ȥƤǰ,ɽ������,/,/,/,/,/,/,/,/,/,/,/,/,3,27,/,/
 单增李斯特菌, 单增李斯特菌 A15-1,ȥƤǰ,ɽ������,/,/,/,/,/,/,/,/,/,/,/,/,1,2,/,/
 单增李斯特菌, 单增李斯特菌 B13-2,ȥƤ������,ɽ������,/,/,/,/,/,/,/,/,/,/,/,/,1,23,/,/
 单增李斯特菌, 单增李斯特菌 B17-2,ȥƤ������,ɽ������,/,/,/,/,/,/,/,/,/,/,/,/,4,21,/,/
 单增李斯特菌, 单增李斯特菌 B21-1,ȥƤ������,ɽ������,/,/,/,/,/,/,/,/,/,/,/,/,1,2,/,/
 单增李斯特菌, 单增李斯特菌 B15-2,ȥƤ������,ɽ������,/,/,/,/,/,/,/,/,/,/,/,/,1,1,/,/
 单增李斯特菌, 单增李斯特菌 B10-2,ȥƤ������,ɽ������,/,/,/,/,/,/,/,/,/,/,/,/,2,17,/,/
 单增李斯特菌, 单增李斯特菌 C19-2,ȥ���������,ɽ������,/,/,/,/,/,/,/,/,/,/,/,/,1,1,/,/
 单增李斯特菌, 单增李斯特菌 C2-1,ȥ���������,ɽ������,/,/,/,/,/,/,/,/,/,/,/,/,/,/,/,/
 单增李斯特菌, 单增李斯特菌 C5-2,ȥ���������,ɽ������,/,/,/,/,/,/,/,/,/,/,/,/,1,11,/,/
 单增李斯特菌, 单增李斯特菌 C3,ȥ���������,ɽ������,/,/,/,/,/,/,/,/,/,/,/,/,3,19,/,/
 单增李斯特菌, 单增李斯特菌 C12-1,ȥ���������,ɽ������,/,/,/,/,/,/,/,/,/,/,/,/,1,1,/,/
 单增李斯特菌, 单增李斯特菌 C10-2,ȥ���������,ɽ������,/,/,/,/,/,/,/,/,/,/,/,/,2,17,/,/
 单增李斯特菌, 单增李斯特菌 C9-1,ȥ���������,ɽ������,/,/,/,/,/,/,/,/,/,/,/,/,2,4,/,/
 单增李斯特菌, 单增李斯特菌 C4-2,ȥ���������,ɽ������,/,/,/,/,/,/,/,/,/,/,/,/,2,25,/,/
 单增李斯特菌, 单增李斯特菌 C6-2,ȥ���������,ɽ������,/,/,/,/,/,/,/,/,/,/,/,/,1,15,/,/
 单增李斯特菌, 单增李斯特菌 D3-1,���ܺ�����,ɽ������,/,/,/,/,/,/,/,/,/,/,/,/,2,25,/,/
 单增李斯特菌, 单增李斯特菌 D17-1,���ܺ�����,ɽ������,/,/,/,/,/,/,/,/,/,/,/,/,2,24,/,/
 单增李斯特菌, 单增李斯特菌 D19*,���ܺ�����,ɽ������,/,/,/,/,/,/,/,/,/,/,/,/,1,3,/,/
 单增李斯特菌, 单增李斯特菌 D1-2,���ܺ�����,ɽ������,/,/,/,/,/,/,/,/,/,/,/,/,1,23,/,/
 单增李斯特菌, 单增李斯特菌 D15-2,���ܺ�����,ɽ������,/,/,/,/,/,/,/,/,/,/,/,/,2,30,/,/
 单增李斯特菌, 单增李斯特菌 D16-1,���ܺ�����,ɽ������,/,/,/,/,/,/,/,/,/,/,/,/,1,29,/,/
 单增李斯特菌, 单增李斯特菌 E7-2,���,ɽ������,/,/,/,/,/,/,/,/,/,/,/,/,5,9,/,/
 单增李斯特菌, 单增李斯特菌 E7-1,���,ɽ������,/,/,/,/,/,/,/,/,/,/,/,/,2,4,/,/
 单增李斯特菌, 单增李斯特菌 E2-1,���,ɽ������,/,/,/,/,/,/,/,/,/,/,/,/,4,20,/,/
 单增李斯特菌, 单增李斯特菌 G7-1,��ȴ������,ɽ������,/,/,/,/,/,/,/,/,/,/,/,/,/,/,/,/
 单增李斯特菌, 单增李斯特菌 G5-1,��ȴ������,ɽ������,/,/,/,/,/,/,/,/,/,/,/,/,/,/,/,/
 单增李斯特菌, 单增李斯特菌 G10-2,��ȴ������,ɽ������,/,/,/,/,/,/,/,/,/,/,/,/,2,13,/,/
 单增李斯特菌, 单增李斯特菌 G19-1,��ȴ������,ɽ������,/,/,/,/,/,/,/,/,/,/,/,/,2,18,/,/
 单增李斯特菌, 单增李斯特菌 G12-2,��ȴ������,ɽ������,/,/,/,/,/,/,/,/,/,/,/,/,2,13,/,/
 单增李斯特菌, 单增李斯特菌 G7-1*,��ȴ������,ɽ������,/,/,/,/,/,/,/,/,/,/,/,/,2,26,/,/
 单增李斯特菌, 单增李斯特菌 G7-2*,��ȴ������,ɽ������,/,/,/,/,/,/,/,/,/,/,/,/,2,6,/,/
 单增李斯特菌, 单增李斯特菌 G17-1*,��ȴ������,ɽ������,/,/,/,/,/,/,/,/,/,/,/,/,1,3,/,/
 单增李斯特菌, 单增李斯特菌 G17-2*,��ȴ������,ɽ������,/,/,/,/,/,/,/,/,/,/,/,/,5,10,/,/
 单增李斯特菌, 单增李斯特菌 H1-1,�ָ���,ɽ������,/,/,/,/,/,/,/,/,/,/,/,/,1,12,/,/
 单增李斯特菌, 单增李斯特菌 H12-1,�ָ���,ɽ������,/,/,/,/,/,/,/,/,/,/,/,/,2,5,/,/
 单增李斯特菌, 单增李斯特菌 H9-1,�ָ���,ɽ������,/,/,/,/,/,/,/,/,/,/,/,/,1,33,/,/
 单增李斯特菌, 单增李斯特菌 H7-2,�ָ���,ɽ������,/,/,/,/,/,/,/,/,/,/,/,/,1,1,/,/
 单增李斯特菌, 单增李斯特菌 H13-1,�ָ���,ɽ������,/,/,/,/,/,/,/,/,/,/,/,/,/,/,/,/
 单增李斯特菌, 单增李斯特菌 H11-1,�ָ���,ɽ������,/,/,/,/,/,/,/,/,/,/,/,/,1,23,/,/
 单增李斯特菌, 单增李斯特菌 H3-1,�ָ���,ɽ������,/,/,/,/,/,/,/,/,/,/,/,/,2,5,/,/
 单增李斯特菌, 单增李斯特菌 H4-2,�ָ���,ɽ������,/,/,/,/,/,/,/,/,/,/,/,/,3,31,/,/
 单增李斯特菌, 单增李斯特菌 H17-2,�ָ���,ɽ������,/,/,/,/,/,/,/,/,/,/,/,/,1,12,/,/
 单增李斯特菌, 单增李斯特菌 M1,����,ɽ������,/,/,/,/,/,/,/,/,/,/,/,/,3,7,/,/
 单增李斯特菌, 单增李斯特菌 M2,����价��,ɽ������,/,/,/,/,/,/,/,/,/,/,/,/,1,22,/,/
 单增李斯特菌, 单增李斯特菌 M3,��,ɽ������,/,/,/,/,/,/,/,/,/,/,/,/,1,22,/,/
 单增李斯特菌, 单增李斯特菌 M4,��,ɽ������,/,/,/,/,/,/,/,/,/,/,/,/,2,17,/,/
 单增李斯特菌, 单增李斯特菌 M5,�ָ������,ɽ������,/,/,/,/,/,/,/,/,/,/,/,/,1,29,/,/
 单增李斯特菌, 单增李斯特菌 M6,�ָ������,ɽ������,/,/,/,/,/,/,/,/,/,/,/,/,3,34,/,/
 单增李斯特菌, 单增李斯特菌 M7,���ʹ�,ɽ������,/,/,/,/,/,/,/,/,/,/,/,/,3,28,/,/
 单增李斯特菌 ,A3-2,ȥƤǰ,ɽ���̶���������������޹�˾,/,/,/,/,/,/,/,/,/,/,/,/,/,/,1/2c,/
 单增李斯特菌 ,A3-3,ȥƤǰ,ɽ���̶���������������޹�˾,/,/,/,/,/,/,/,/,/,/,/,/,/,/,1/2c,/
 单增李斯特菌 ,B10-1,ȥƤ������,ɽ���̶���������������޹�˾,/,/,/,/,/,/,/,/,/,/,/,/,/,/,1/2c,/
 单增李斯特菌 ,B10-3,ȥƤ������,ɽ���̶���������������޹�˾,/,/,/,/,/,/,/,/,/,/,/,/,/,/,1/2c,/
 单增李斯特菌 ,B1-1,ȥƤ������,ɽ���̶���������������޹�˾,/,/,/,/,/,/,/,/,/,/,/,/,/,/,1/2c,/
 单增李斯特菌 ,B1-3,ȥƤ������,ɽ���̶���������������޹�˾,/,/,/,/,/,/,/,/,/,/,/,/,/,/,1/2c,/
 单增李斯特菌 ,B3-1,ȥƤ������,ɽ���̶���������������޹�˾,/,/,/,/,/,/,/,/,/,/,/,/,/,/,1/2c,/
 单增李斯特菌 ,B3-2,ȥƤ������,ɽ���̶���������������޹�˾,/,/,/,/,/,/,/,/,/,/,/,/,/,/,1/2c,/
 单增李斯特菌 ,B3-3,ȥƤ������,ɽ���̶���������������޹�˾,/,/,/,/,/,/,/,/,/,/,/,/,/,/,1/2c,/
 单增李斯特菌 ,B5-1,ȥƤ������,ɽ���̶���������������޹�˾,/,/,/,/,/,/,/,/,/,/,/,/,/,/,1/2c,/
 单增李斯特菌 ,B5-3,ȥƤ������,ɽ���̶���������������޹�˾,/,/,/,/,/,/,/,/,/,/,/,/,/,/,1/2c,/
 单增李斯特菌 ,B6-1,ȥƤ������,ɽ���̶���������������޹�˾,/,/,/,/,/,/,/,/,/,/,/,/,/,/,1/2c,/
 单增李斯特菌 ,B6-2,ȥƤ������,ɽ���̶���������������޹�˾,/,/,/,/,/,/,/,/,/,/,/,/,/,/,1/2c,/
 单增李斯特菌 ,B6-3,ȥƤ������,ɽ���̶���������������޹�˾,/,/,/,/,/,/,/,/,/,/,/,/,/,/,1/2c,/
 单增李斯特菌 ,B8-1,ȥƤ������,ɽ���̶���������������޹�˾,/,/,/,/,/,/,/,/,/,/,/,/,/,/,1/2c,/
 单增李斯特菌 ,B8-2,ȥƤ������,ɽ���̶���������������޹�˾,/,/,/,/,/,/,/,/,/,/,/,/,/,/,1/2c,/
 单增李斯特菌 ,B8-3,ȥƤ������,ɽ���̶���������������޹�˾,/,/,/,/,/,/,/,/,/,/,/,/,/,/,1/2c,/
 单增李斯特菌 ,B9-1,ȥƤ������,ɽ���̶���������������޹�˾,/,/,/,/,/,/,/,/,/,/,/,/,/,/,1/2c,/
 单增李斯特菌 ,D10-1,��ȴ������,ɽ���̶���������������޹�˾,/,/,/,/,/,/,/,/,/,/,/,/,/,/,1/2c,/
 单增李斯特菌 ,D10-2,��ȴ������,ɽ���̶���������������޹�˾,/,/,/,/,/,/,/,/,/,/,/,/,/,/,1/2c,/
 单增李斯特菌 ,D1-1,��ȴ������,ɽ���̶���������������޹�˾,/,/,/,/,/,/,/,/,/,/,/,/,/,/,1/2c,/
 单增李斯特菌 ,D1-3,��ȴ������,ɽ���̶���������������޹�˾,/,/,/,/,/,/,/,/,/,/,/,/,/,/,1/2c,/
 单增李斯特菌 ,D2-1,��ȴ������,ɽ���̶���������������޹�˾,/,/,/,/,/,/,/,/,/,/,/,/,/,/,1/2c,/
 单增李斯特菌 ,D2-2,��ȴ������,ɽ���̶���������������޹�˾,/,/,/,/,/,/,/,/,/,/,/,/,/,/,1/2c,/
 单增李斯特菌 ,D3-1,��ȴ������,ɽ���̶���������������޹�˾,/,/,/,/,/,/,/,/,/,/,/,/,/,/,1/2c,/
 单增李斯特菌 ,D3-2,��ȴ������,ɽ���̶���������������޹�˾,/,/,/,/,/,/,/,/,/,/,/,/,/,/,1/2c,/
 单增李斯特菌 ,D3-3,��ȴ������,ɽ���̶���������������޹�˾,/,/,/,/,/,/,/,/,/,/,/,/,/,/,1/2c,/
 单增李斯特菌 ,D4-1,��ȴ������,ɽ���̶���������������޹�˾,/,/,/,/,/,/,/,/,/,/,/,/,/,/,1/2c,/
 单增李斯特菌 ,D4-3,��ȴ������,ɽ���̶���������������޹�˾,/,/,/,/,/,/,/,/,/,/,/,/,/,/,1/2c,/
 单增李斯特菌 ,D4-4,��ȴ������,ɽ���̶���������������޹�˾,/,/,/,/,/,/,/,/,/,/,/,/,/,/,1/2c,/
 单增李斯特菌 ,D5-2,��ȴ������,ɽ���̶���������������޹�˾,/,/,/,/,/,/,/,/,/,/,/,/,/,/,1/2c,/
 单增李斯特菌 ,D5-3,��ȴ������,ɽ���̶���������������޹�˾,/,/,/,/,/,/,/,/,/,/,/,/,/,/,1/2c,/
 单增李斯特菌 ,D6-1,��ȴ������,ɽ���̶���������������޹�˾,/,/,/,/,/,/,/,/,/,/,/,/,/,/,1/2c,/
 单增李斯特菌 ,D7-1,��ȴ������,ɽ���̶���������������޹�˾,/,/,/,/,/,/,/,/,/,/,/,/,/,/,1/2c,/
 单增李斯特菌 ,D7-2,��ȴ������,ɽ���̶���������������޹�˾,/,/,/,/,/,/,/,/,/,/,/,/,/,/,1/2c,/
 单增李斯特菌 ,D7-3,��ȴ������,ɽ���̶���������������޹�˾,/,/,/,/,/,/,/,/,/,/,/,/,/,/,1/2c,/
 单增李斯特菌 ,D7-4,��ȴ������,ɽ���̶���������������޹�˾,/,/,/,/,/,/,/,/,/,/,/,/,/,/,1/2c,/
 单增李斯特菌 ,D8-1,��ȴ������,ɽ���̶���������������޹�˾,/,/,/,/,/,/,/,/,/,/,/,/,/,/,1/2c,/
 单增李斯特菌 ,D8-2,��ȴ������,ɽ���̶���������������޹�˾,/,/,/,/,/,/,/,/,/,/,/,/,/,/,1/2c,/
 单增李斯特菌 ,D8-3,��ȴ������,ɽ���̶���������������޹�˾,/,/,/,/,/,/,/,/,/,/,/,/,/,/,1/2c,/
 单增李斯特菌 ,D9-1,��ȴ������,ɽ���̶���������������޹�˾,/,/,/,/,/,/,/,/,/,/,/,/,/,/,1/2c,/
 单增李斯特菌 ,D9-2,��ȴ������,ɽ���̶���������������޹�˾,/,/,/,/,/,/,/,/,/,/,/,/,/,/,1/2c,/
 单增李斯特菌 ,D9-3,��ȴ������,ɽ���̶���������������޹�˾,/,/,/,/,/,/,/,/,/,/,/,/,/,/,1/2c,/
 单增李斯特菌 ,F10-1,����,ɽ���̶���������������޹�˾,/,/,/,/,/,/,/,/,/,/,/,/,/,/,1/2c,/
 单增李斯特菌 ,F1-1,����,ɽ���̶���������������޹�˾,/,/,/,/,/,/,/,/,/,/,/,/,/,/,1/2c,/
 单增李斯特菌 ,F1-3,����,ɽ���̶���������������޹�˾,/,/,/,/,/,/,/,/,/,/,/,/,/,/,1/2c,/
 单增李斯特菌 ,F2-1,����,ɽ���̶���������������޹�˾,/,/,/,/,/,/,/,/,/,/,/,/,/,/,1/2c,/
 单增李斯特菌 ,F2-3,����,ɽ���̶���������������޹�˾,/,/,/,/,/,/,/,/,/,/,/,/,/,/,1/2c,/
 单增李斯特菌 ,F2-4,����,ɽ���̶���������������޹�˾,/,/,/,/,/,/,/,/,/,/,/,/,/,/,1/2c,/
 单增李斯特菌 ,F4-1,����,ɽ���̶���������������޹�˾,/,/,/,/,/,/,/,/,/,/,/,/,/,/,1/2c,/
 单增李斯特菌 ,F4-2,����,ɽ���̶���������������޹�˾,/,/,/,/,/,/,/,/,/,/,/,/,/,/,1/2c,/
 单增李斯特菌 ,F5-1,����,ɽ���̶���������������޹�˾,/,/,/,/,/,/,/,/,/,/,/,/,/,/,1/2c,/
 单增李斯特菌 ,F5-2,����,ɽ���̶���������������޹�˾,/,/,/,/,/,/,/,/,/,/,/,/,/,/,1/2c,/
 单增李斯特菌 ,F6-1,����,ɽ���̶���������������޹�˾,/,/,/,/,/,/,/,/,/,/,/,/,/,/,1/2c,/
 单增李斯特菌 ,F7-1,����,ɽ���̶���������������޹�˾,/,/,/,/,/,/,/,/,/,/,/,/,/,/,1/2c,/
 单增李斯特菌 ,F7-2,����,ɽ���̶���������������޹�˾,/,/,/,/,/,/,/,/,/,/,/,/,/,/,1/2c,/
 单增李斯特菌 ,F7-3,����,ɽ���̶���������������޹�˾,/,/,/,/,/,/,/,/,/,/,/,/,/,/,1/2c,/
 单增李斯特菌 ,F8-1,����,ɽ���̶���������������޹�˾,/,/,/,/,/,/,/,/,/,/,/,/,/,/,1/2c,/
 单增李斯特菌 ,F8-3,����,ɽ���̶���������������޹�˾,/,/,/,/,/,/,/,/,/,/,/,/,/,/,1/2c,/
 单增李斯特菌 ,F9-1,����,ɽ���̶���������������޹�˾,/,/,/,/,/,/,/,/,/,/,/,/,/,/,1/2c,/
 单增李斯特菌 ,F9-2,����,ɽ���̶���������������޹�˾,/,/,/,/,/,/,/,/,/,/,/,/,/,/,1/2c,/
 单增李斯特菌 ,H9-1,����Ȧ����,ɽ���̶���������������޹�˾,/,/,/,/,/,/,/,/,/,/,/,/,/,/,1/2c,/
 单增李斯特菌 ,H9-3,����Ȧ����,ɽ���̶���������������޹�˾,/,/,/,/,/,/,/,/,/,/,/,/,/,/,1/2c,/
 单增李斯特菌 ,R10-1,�ָ���,ɽ���̶���������������޹�˾,/,/,/,/,/,/,/,/,/,/,/,/,/,/,1/2c,/
 单增李斯特菌 ,R10-3,�ָ���,ɽ���̶���������������޹�˾,/,/,/,/,/,/,/,/,/,/,/,/,/,/,1/2c,/
 单增李斯特菌 ,R1-1,�ָ���,ɽ���̶���������������޹�˾,/,/,/,/,/,/,/,/,/,/,/,/,/,/,1/2c,/
 单增李斯特菌 ,R2-2,�ָ���,ɽ���̶���������������޹�˾,/,/,/,/,/,/,/,/,/,/,/,/,/,/,1/2c,/
 单增李斯特菌 ,R2-3,�ָ���,ɽ���̶���������������޹�˾,/,/,/,/,/,/,/,/,/,/,/,/,/,/,1/2c,/
 单增李斯特菌 ,R3-1,�ָ���,ɽ���̶���������������޹�˾,/,/,/,/,/,/,/,/,/,/,/,/,/,/,1/2c,/
 单增李斯特菌 ,R3-2,�ָ���,ɽ���̶���������������޹�˾,/,/,/,/,/,/,/,/,/,/,/,/,/,/,1/2c,/
 单增李斯特菌 ,R3-3,�ָ���,ɽ���̶���������������޹�˾,/,/,/,/,/,/,/,/,/,/,/,/,/,/,1/2c,/
 单增李斯特菌 ,R4-1,�ָ���,ɽ���̶���������������޹�˾,/,/,/,/,/,/,/,/,/,/,/,/,/,/,1/2c,/
 单增李斯特菌 ,R4-2,�ָ���,ɽ���̶���������������޹�˾,/,/,/,/,/,/,/,/,/,/,/,/,/,/,1/2c,/
 单增李斯特菌 ,R4-3,�ָ���,ɽ���̶���������������޹�˾,/,/,/,/,/,/,/,/,/,/,/,/,/,/,1/2c,/
 单增李斯特菌 ,R5-2,�ָ���,ɽ���̶���������������޹�˾,/,/,/,/,/,/,/,/,/,/,/,/,/,/,1/2c,/
 单增李斯特菌 ,R5-3,�ָ���,ɽ���̶���������������޹�˾,/,/,/,/,/,/,/,/,/,/,/,/,/,/,1/2c,/
 单增李斯特菌 ,R5-4,�ָ���,ɽ���̶���������������޹�˾,/,/,/,/,/,/,/,/,/,/,/,/,/,/,1/2c,/
 单增李斯特菌 ,R8-1,�ָ���,ɽ���̶���������������޹�˾,/,/,/,/,/,/,/,/,/,/,/,/,/,/,1/2c,/
 单增李斯特菌 ,R8-2-2,�ָ���,ɽ���̶���������������޹�˾,/,/,/,/,/,/,/,/,/,/,/,/,/,/,1/2c,/
 单增李斯特菌 ,R8-2-1,�ָ���,ɽ���̶���������������޹�˾,/,/,/,/,/,/,/,/,/,/,/,/,/,/,1/2c,/
 单增李斯特菌 ,R8-3,�ָ���,ɽ���̶���������������޹�˾,/,/,/,/,/,/,/,/,/,/,/,/,/,/,1/2c,/
 单增李斯特菌 ,SA2-1,ȥƤǰ,ɽ���̶���������������޹�˾,/,/,/,/,/,/,/,/,/,/,/,/,/,/,1/2c,/
 单增李斯特菌 ,SA4-1,ȥƤǰ,ɽ���̶���������������޹�˾,/,/,/,/,/,/,/,/,/,/,/,/,/,/,1/2c,/
 单增李斯特菌 ,SB1-1,ȥƤ������,ɽ���̶���������������޹�˾,/,/,/,/,/,/,/,/,/,/,/,/,/,/,1/2c,/
 单增李斯特菌 ,SB1-2,ȥƤ������,ɽ���̶���������������޹�˾,/,/,/,/,/,/,/,/,/,/,/,/,/,/,1/2c,/
 单增李斯特菌 ,SB3-1,ȥƤ������,ɽ���̶���������������޹�˾,/,/,/,/,/,/,/,/,/,/,/,/,/,/,1/2c,/
 单增李斯特菌 ,SB3-2,ȥƤ������,ɽ���̶���������������޹�˾,/,/,/,/,/,/,/,/,/,/,/,/,/,/,1/2c,/
 单增李斯特菌 ,SB3-3,ȥƤ������,ɽ���̶���������������޹�˾,/,/,/,/,/,/,/,/,/,/,/,/,/,/,1/2c,/
 单增李斯特菌 ,SB4-2,ȥƤ������,ɽ���̶���������������޹�˾,/,/,/,/,/,/,/,/,/,/,/,/,/,/,1/2c,/
 单增李斯特菌 ,SB5-1,ȥƤ������,ɽ���̶���������������޹�˾,/,/,/,/,/,/,/,/,/,/,/,/,/,/,1/2c,/
 单增李斯特菌 ,SB5-2,ȥƤ������,ɽ���̶���������������޹�˾,/,/,/,/,/,/,/,/,/,/,/,/,/,/,1/2c,/
 单增李斯特菌 ,SD10-1,��ȴ������,ɽ���̶���������������޹�˾,/,/,/,/,/,/,/,/,/,/,/,/,/,/,1/2c,/
 单增李斯特菌 ,SD10-2,��ȴ������,ɽ���̶���������������޹�˾,/,/,/,/,/,/,/,/,/,/,/,/,/,/,1/2c,/
 单增李斯特菌 ,SD10-3,��ȴ������,ɽ���̶���������������޹�˾,/,/,/,/,/,/,/,/,/,/,/,/,/,/,1/2c,/
 单增李斯特菌 ,SD1-1,��ȴ������,ɽ���̶���������������޹�˾,/,/,/,/,/,/,/,/,/,/,/,/,/,/,1/2c,/
 单增李斯特菌 ,SD1-2,��ȴ������,ɽ���̶���������������޹�˾,/,/,/,/,/,/,/,/,/,/,/,/,/,/,1/2c,/
 单增李斯特菌 ,SD1-3,��ȴ������,ɽ���̶���������������޹�˾,/,/,/,/,/,/,/,/,/,/,/,/,/,/,1/2c,/
 单增李斯特菌 ,SD1-3,��ȴ������,ɽ���̶���������������޹�˾,/,/,/,/,/,/,/,/,/,/,/,/,/,/,1/2c,/
 单增李斯特菌 ,SD2-1,��ȴ������,ɽ���̶���������������޹�˾,/,/,/,/,/,/,/,/,/,/,/,/,/,/,1/2c,/
 单增李斯特菌 ,SD2-2,��ȴ������,ɽ���̶���������������޹�˾,/,/,/,/,/,/,/,/,/,/,/,/,/,/,1/2c,/
 单增李斯特菌 ,SD2-3,��ȴ������,ɽ���̶���������������޹�˾,/,/,/,/,/,/,/,/,/,/,/,/,/,/,1/2c,/
 单增李斯特菌 ,SD3-1,��ȴ������,ɽ���̶���������������޹�˾,/,/,/,/,/,/,/,/,/,/,/,/,/,/,1/2c,/
 单增李斯特菌 ,SD5-1,��ȴ������,ɽ���̶���������������޹�˾,/,/,/,/,/,/,/,/,/,/,/,/,/,/,1/2c,/
 单增李斯特菌 ,SD5-2,��ȴ������,ɽ���̶���������������޹�˾,/,/,/,/,/,/,/,/,/,/,/,/,/,/,1/2c,/
 单增李斯特菌 ,SD6-1,��ȴ������,ɽ���̶���������������޹�˾,/,/,/,/,/,/,/,/,/,/,/,/,/,/,1/2c,/
 单增李斯特菌 ,SD6-1,��ȴ������,ɽ���̶���������������޹�˾,/,/,/,/,/,/,/,/,/,/,/,/,/,/,1/2c,/
 单增李斯特菌 ,SD6-2,��ȴ������,ɽ���̶���������������޹�˾,/,/,/,/,/,/,/,/,/,/,/,/,/,/,1/2c,/
 单增李斯特菌 ,SD6-3,��ȴ������,ɽ���̶���������������޹�˾,/,/,/,/,/,/,/,/,/,/,/,/,/,/,1/2c,/
 单增李斯特菌 ,SD7-1,��ȴ������,ɽ���̶���������������޹�˾,/,/,/,/,/,/,/,/,/,/,/,/,/,/,1/2c,/
 单增李斯特菌 ,SD7-3,��ȴ������,ɽ���̶���������������޹�˾,/,/,/,/,/,/,/,/,/,/,/,/,/,/,1/2c,/
 单增李斯特菌 ,SD8-2,��ȴ������,ɽ���̶���������������޹�˾,/,/,/,/,/,/,/,/,/,/,/,/,/,/,1/2c,/
 单增李斯特菌 ,SD8-3,��ȴ������,ɽ���̶���������������޹�˾,/,/,/,/,/,/,/,/,/,/,/,/,/,/,1/2c,/
 单增李斯特菌 ,SD9-1,��ȴ������,ɽ���̶���������������޹�˾,/,/,/,/,/,/,/,/,/,/,/,/,/,/,1/2c,/
 单增李斯特菌 ,SD9-2,��ȴ������,ɽ���̶���������������޹�˾,/,/,/,/,/,/,/,/,/,/,/,/,/,/,1/2c,/
 单增李斯特菌 ,SD9-3,��ȴ������,ɽ���̶���������������޹�˾,/,/,/,/,/,/,/,/,/,/,/,/,/,/,1/2c,/
 单增李斯特菌 ,SF10-1,��ȴ������,ɽ���̶���������������޹�˾,/,/,/,/,/,/,/,/,/,/,/,/,/,/,1/2c,/
 单增李斯特菌 ,SF10-2,��ȴ������,ɽ���̶���������������޹�˾,/,/,/,/,/,/,/,/,/,/,/,/,/,/,1/2c,/
 单增李斯特菌 ,SF10-3,��ȴ������,ɽ���̶���������������޹�˾,/,/,/,/,/,/,/,/,/,/,/,/,/,/,1/2c,/
 单增李斯特菌 ,SF1-2,����,ɽ���̶���������������޹�˾,/,/,/,/,/,/,/,/,/,/,/,/,/,/,1/2c,/
 单增李斯特菌 ,SF1-3,����,ɽ���̶���������������޹�˾,/,/,/,/,/,/,/,/,/,/,/,/,/,/,1/2c,/
 单增李斯特菌 ,SF2-1,����,ɽ���̶���������������޹�˾,/,/,/,/,/,/,/,/,/,/,/,/,/,/,1/2c,/
 单增李斯特菌 ,SF2-2,����,ɽ���̶���������������޹�˾,/,/,/,/,/,/,/,/,/,/,/,/,/,/,1/2c,/
 单增李斯特菌 ,SF3-1,����,ɽ���̶���������������޹�˾,/,/,/,/,/,/,/,/,/,/,/,/,/,/,1/2c,/
 单增李斯特菌 ,SF3-2,����,ɽ���̶���������������޹�˾,/,/,/,/,/,/,/,/,/,/,/,/,/,/,1/2c,/
 单增李斯特菌 ,SF3-3,����,ɽ���̶���������������޹�˾,/,/,/,/,/,/,/,/,/,/,/,/,/,/,1/2c,/
 单增李斯特菌 ,SF4-1,����,ɽ���̶���������������޹�˾,/,/,/,/,/,/,/,/,/,/,/,/,/,/,1/2c,/
 单增李斯特菌 ,SF4-2,����,ɽ���̶���������������޹�˾,/,/,/,/,/,/,/,/,/,/,/,/,/,/,1/2c,/
 单增李斯特菌 ,SF5-1,����,ɽ���̶���������������޹�˾,/,/,/,/,/,/,/,/,/,/,/,/,/,/,1/2c,/
 单增李斯特菌 ,SF5-2,����,ɽ���̶���������������޹�˾,/,/,/,/,/,/,/,/,/,/,/,/,/,/,1/2c,/
 单增李斯特菌 ,SF5-3,����,ɽ���̶���������������޹�˾,/,/,/,/,/,/,/,/,/,/,/,/,/,/,1/2c,/
 单增李斯特菌 ,SF6-1,����,ɽ���̶���������������޹�˾,/,/,/,/,/,/,/,/,/,/,/,/,/,/,1/2c,/
 单增李斯特菌 ,SF6-2,����,ɽ���̶���������������޹�˾,/,/,/,/,/,/,/,/,/,/,/,/,/,/,1/2c,/
 单增李斯特菌 ,SF6-3,����,ɽ���̶���������������޹�˾,/,/,/,/,/,/,/,/,/,/,/,/,/,/,1/2c,/
 单增李斯特菌 ,SF7-1,����,ɽ���̶���������������޹�˾,/,/,/,/,/,/,/,/,/,/,/,/,/,/,1/2c,/
 单增李斯特菌 ,SF7-2,����,ɽ���̶���������������޹�˾,/,/,/,/,/,/,/,/,/,/,/,/,/,/,1/2c,/
 单增李斯特菌 ,SF8-1,����,ɽ���̶���������������޹�˾,/,/,/,/,/,/,/,/,/,/,/,/,/,/,1/2c,/
 单增李斯特菌 ,SF8-2,����,ɽ���̶���������������޹�˾,/,/,/,/,/,/,/,/,/,/,/,/,/,/,1/2c,/
 单增李斯特菌 ,SF8-3,����,ɽ���̶���������������޹�˾,/,/,/,/,/,/,/,/,/,/,/,/,/,/,1/2c,/
 单增李斯特菌 ,SF9-1,����,ɽ���̶���������������޹�˾,/,/,/,/,/,/,/,/,/,/,/,/,/,/,1/2c,/
 单增李斯特菌 ,SF9-2,����,ɽ���̶���������������޹�˾,/,/,/,/,/,/,/,/,/,/,/,/,/,/,1/2c,/
 单增李斯特菌 ,SF9-3,����,ɽ���̶���������������޹�˾,/,/,/,/,/,/,/,/,/,/,/,/,/,/,1/2c,/
 单增李斯特菌 ,SP10-1,���ۿ�,ɽ���̶���������������޹�˾,/,/,/,/,/,/,/,/,/,/,/,/,/,/,1/2c,/
 单增李斯特菌 ,SP10-2,���ۿ�,ɽ���̶���������������޹�˾,/,/,/,/,/,/,/,/,/,/,/,/,/,/,1/2c,/
 单增李斯特菌 ,SP10-3,���ۿ�,ɽ���̶���������������޹�˾,/,/,/,/,/,/,/,/,/,/,/,/,/,/,1/2c,/
 单增李斯特菌 ,SP5-2,���ۿ�,ɽ���̶���������������޹�˾,/,/,/,/,/,/,/,/,/,/,/,/,/,/,1/2c,/
 单增李斯特菌 ,SP6-1,���ۿ�,ɽ���̶���������������޹�˾,/,/,/,/,/,/,/,/,/,/,/,/,/,/,1/2c,/
 单增李斯特菌 ,SP6-2,���ۿ�,ɽ���̶���������������޹�˾,/,/,/,/,/,/,/,/,/,/,/,/,/,/,1/2c,/
 单增李斯特菌 ,SP7-1,���ۿ�,ɽ���̶���������������޹�˾,/,/,/,/,/,/,/,/,/,/,/,/,/,/,1/2c,/
 单增李斯特菌 ,SP7-2,���ۿ�,ɽ���̶���������������޹�˾,/,/,/,/,/,/,/,/,/,/,/,/,/,/,1/2c,/
 单增李斯特菌 ,SP9-1,���ۿ�,ɽ���̶���������������޹�˾,/,/,/,/,/,/,/,/,/,/,/,/,/,/,1/2c,/
 单增李斯特菌 ,SP9-2,���ۿ�,ɽ���̶���������������޹�˾,/,/,/,/,/,/,/,/,/,/,/,/,/,/,1/2c,/
 单增李斯特菌 ,SP9-3,���ۿ�,ɽ���̶���������������޹�˾,/,/,/,/,/,/,/,/,/,/,/,/,/,/,1/2c,/
 单增李斯特菌 ,SR10-1,�ָ���,ɽ���̶���������������޹�˾,/,/,/,/,/,/,/,/,/,/,/,/,/,/,1/2c,/
 单增李斯特菌 ,SR10-2,�ָ���,ɽ���̶���������������޹�˾,/,/,/,/,/,/,/,/,/,/,/,/,/,/,1/2c,/
 单增李斯特菌 ,SR10-3,�ָ���,ɽ���̶���������������޹�˾,/,/,/,/,/,/,/,/,/,/,/,/,/,/,1/2c,/
 单增李斯特菌 ,SR1-1,�ָ���,ɽ���̶���������������޹�˾,/,/,/,/,/,/,/,/,/,/,/,/,/,/,1/2c,/
 单增李斯特菌 ,SR1-2,�ָ���,ɽ���̶���������������޹�˾,/,/,/,/,/,/,/,/,/,/,/,/,/,/,1/2c,/
 单增李斯特菌 ,SR1-3,�ָ���,ɽ���̶���������������޹�˾,/,/,/,/,/,/,/,/,/,/,/,/,/,/,1/2c,/
 单增李斯特菌 ,SR2-1,�ָ���,ɽ���̶���������������޹�˾,/,/,/,/,/,/,/,/,/,/,/,/,/,/,1/2c,/
 单增李斯特菌 ,SR2-2,�ָ���,ɽ���̶���������������޹�˾,/,/,/,/,/,/,/,/,/,/,/,/,/,/,1/2c,/
 单增李斯特菌 ,SR2-3,�ָ���,ɽ���̶���������������޹�˾,/,/,/,/,/,/,/,/,/,/,/,/,/,/,1/2c,/
 单增李斯特菌 ,SR3-1,�ָ���,ɽ���̶���������������޹�˾,/,/,/,/,/,/,/,/,/,/,/,/,/,/,1/2c,/
 单增李斯特菌 ,SR3-3,�ָ���,ɽ���̶���������������޹�˾,/,/,/,/,/,/,/,/,/,/,/,/,/,/,1/2c,/
 单增李斯特菌 ,SR5-1,�ָ���,ɽ���̶���������������޹�˾,/,/,/,/,/,/,/,/,/,/,/,/,/,/,1/2c,/
 单增李斯特菌 ,SR5-3,�ָ���,ɽ���̶���������������޹�˾,/,/,/,/,/,/,/,/,/,/,/,/,/,/,1/2c,/
 单增李斯特菌 ,SR6-2,�ָ���,ɽ���̶���������������޹�˾,/,/,/,/,/,/,/,/,/,/,/,/,/,/,1/2c,/
 单增李斯特菌 ,SR6-3,�ָ���,ɽ���̶���������������޹�˾,/,/,/,/,/,/,/,/,/,/,/,/,/,/,1/2c,/
 单增李斯特菌 ,SR7-1,�ָ���,ɽ���̶���������������޹�˾,/,/,/,/,/,/,/,/,/,/,/,/,/,/,1/2c,/
 单增李斯特菌 ,SR7-2,�ָ���,ɽ���̶���������������޹�˾,/,/,/,/,/,/,/,/,/,/,/,/,/,/,1/2c,/
 单增李斯特菌 ,SR8-1,�ָ���,ɽ���̶���������������޹�˾,/,/,/,/,/,/,/,/,/,/,/,/,/,/,1/2c,/
 单增李斯特菌 ,SR8-3,�ָ���,ɽ���̶���������������޹�˾,/,/,/,/,/,/,/,/,/,/,/,/,/,/,1/2c,/
 单增李斯特菌 ,SR9-1,�ָ���,ɽ���̶���������������޹�˾,/,/,/,/,/,/,/,/,/,/,/,/,/,/,1/2c,/
 单增李斯特菌 ,SR9-2,�ָ���,ɽ���̶���������������޹�˾,/,/,/,/,/,/,/,/,/,/,/,/,/,/,1/2c,/
 单增李斯特菌 ,SR9-3,�ָ���,ɽ���̶���������������޹�˾,/,/,/,/,/,/,/,/,/,/,/,/,/,/,1/2c,/
 单增李斯特菌 ,CX CS1-R1-1,������������,�ĳ�,/,/,+,/,/,/,/,/,/,/,/,/,/,/,1/2b,/
 单增李斯特菌 ,CX CS1-R1-2,������������,�ĳ�,/,/,/,/,/,/,/,/,/,/,/,/,/,/,1/2b,/
 单增李斯特菌 ,CX CS1-R1-3,������������,�ĳ�,/,/,/,/,/,/,/,/,/,/,/,/,/,/,1/2b,/
 单增李斯特菌 ,DRF-1,������������,̩��,/,/,/,/,/,/,/,/,/,/,/,/,/,/,1/2b,/
 单增李斯特菌 ,DRF-2,������������,̩��,/,/,/,/,/,/,/,/,/,/,/,/,/,/,1/2b,/
 单增李斯特菌 ,DRF-4,������������,̩��,/,/,/,/,/,/,/,/,/,/,/,/,/,/,1/2b,/
 单增李斯特菌 ,HMJ2-1,ũó�г���������,̩��,/,/,/,/,/,/,/,/,/,/,/,/,/,/,1/2c,/
 单增李斯特菌 ,HMJ2-2,ũó�г���������,̩��,/,/,/,/,/,/,/,/,/,/,/,/,/,/,1/2c,/
 单增李斯特菌 ,HMJ2-3,ũó�г���������,̩��,/,/,/,/,/,/,/,/,/,/,/,/,/,/,1/2c,/
 单增李斯特菌 ,HMJ2-4,ũó�г���������,̩��,/,/,/,/,/,/,/,/,/,/,/,/,/,/,1/2c,/
 单增李斯特菌 ,HMJ3-1,ũó�г���������,̩��,/,/,/,/,/,/,/,/,/,/,/,/,/,/,1/2c,/
 单增李斯特菌 ,HMJ3-2,ũó�г���������,̩��,/,/,/,/,/,/,/,/,/,/,/,/,/,/,1/2c,/
 单增李斯特菌 ,HQ CS2-S2-1,������������,��ׯ,/,/,+,/,/,/,/,/,/,/,/,/,/,/,1/2a,/
 单增李斯特菌 ,HQ CS2-S2-3,������������,��ׯ,/,/,/,/,/,/,/,/,/,/,/,/,/,/,1/2a,/
 单增李斯特菌 ,HQ CS2-S2-2,������������,��ׯ,/,/,/,/,/,/,/,/,/,/,/,/,/,/,1/2a,/
 单增李斯特菌 ,HYYZ-3,�����г���������,̩��,/,/,/,/,/,/,/,/,/,/,/,/,/,/,1/2c,/
 单增李斯特菌 ,JCJ-3,ũó�г���������,̩��,/,/,/,/,/,/,/,/,/,/,/,/,/,/,1/2c,/
 单增李斯特菌 ,JCJ-4,ũó�г���������,̩��,/,/,/,/,/,/,/,/,/,/,/,/,/,/,1/2c,/
 单增李斯特菌 ,JQ CS1-S1-1,������������,��ׯ,/,/,/,/,/,/,/,/,/,/,/,/,/,/,1/2a,/
 单增李斯特菌 ,JQ CS1-S1-2,������������,��ׯ,/,/,/,/,/,/,/,/,/,/,/,/,/,/,1/2a,/
 单增李斯特菌 ,JQ CS1-S1-3,������������,��ׯ,/,/,+,/,/,/,/,/,/,/,/,/,/,/,1/2a,/
 单增李斯特菌 ,JQ CS2-S1-1,������������,��ׯ,/,/,/,/,/,/,/,/,/,/,/,/,/,/,1/2b,/
 单增李斯特菌 ,JQ CS2-S1-2,������������,��ׯ,/,/,/,/,/,/,/,/,/,/,/,/,/,/,1/2b,/
 单增李斯特菌 ,JQ CS2-S1-3,������������,��ׯ,/,/,/,/,/,/,/,/,/,/,/,/,/,/,1/2b,/
 单增李斯特菌 ,JXQ CS5-S1-1,������������,����,/,/,/,/,/,/,/,/,/,/,/,/,/,/,1/2a,/
 单增李斯特菌 ,JXQ CS5-S1-2,������������,����,/,/,/,/,/,/,/,/,/,/,/,/,/,/,1/2a,/
 单增李斯特菌 ,LQS CS2-S1-1,������������,����,/,/,/,/,/,/,/,/,/,/,/,/,/,/,1/2c,/
 单增李斯特菌 ,LQS CS2-S1-2,������������,����,/,/,/,/,/,/,/,/,/,/,/,/,/,/,1/2c,/
 单增李斯特菌 ,LQS CS2-S1-3,������������,����,/,/,/,/,/,/,/,/,/,/,/,/,/,/,1/2c,/
 单增李斯特菌 ,LY CS1-S1-1,������������,����,/,/,/,/,/,/,/,/,/,/,/,/,/,/,1/2c,/
 单增李斯特菌 ,LY NM1-S1-1,ũó�г���������,����,/,/,/,/,/,/,/,/,/,/,/,/,/,/,1/2c,/
 单增李斯特菌 ,LY NM1-S1-3,ũó�г���������,����,/,/,/,/,/,/,/,/,/,/,/,/,/,/,1/2c,/
 单增李斯特菌 ,LYXX CS1-R1-3,������������,�ĳ�,/,/,/,/,/,/,/,/,/,/,/,/,/,/,1/2b,/
 单增李斯特菌 ,MJ CS3-S1-1,������������,Ϋ��,/,/,/,/,/,/,/,/,/,/,/,/,/,/,1/2c,/
 单增李斯特菌 ,MJ CS3-S1-2,������������,Ϋ��,/,/,/,/,/,/,/,/,/,/,/,/,/,/,1/2c,/
 单增李斯特菌 ,MJ CS3-S1-3,������������,Ϋ��,/,/,/,/,/,/,/,/,/,/,/,/,/,/,1/2c,/
 单增李斯特菌 ,MJ CS5-R1-1,������������,Ϋ��,/,/,/,/,/,/,/,/,/,/,/,/,/,/,1/2a,/
 单增李斯特菌 ,MJ CS5-R1-2,������������,Ϋ��,/,/,/,/,/,/,/,/,/,/,/,/,/,/,1/2a,/
 单增李斯特菌 ,MJ CS5-R1-3,������������,Ϋ��,/,/,/,/,/,/,/,/,/,/,/,/,/,/,1/2a,/
 单增李斯特菌 ,NG3-3,ũó�г���������,̩��,/,/,/,/,/,/,/,/,/,/,/,/,/,/,1/2b,/
 单增李斯特菌 ,NG3-4,ũó�г���������,̩��,/,/,/,/,/,/,/,/,/,/,/,/,/,/,1/2b,/
 单增李斯特菌 ,PS CS1-S1-2,������������,��̨,/,/,/,/,/,/,/,/,/,/,/,/,/,/,1/2a,/
 单增李斯特菌 ,PS CS1-S1-3,������������,��̨,/,/,/,/,/,/,/,/,/,/,/,/,/,/,1/2a,/
 单增李斯特菌 ,PS CS1-S1-4,������������,��̨,/,/,/,/,/,/,/,/,/,/,/,/,/,/,1/2a,/
 单增李斯特菌 ,PS CS2-S1-1,������������,��̨,/,/,/,/,/,/,/,/,/,/,/,/,/,/,1/2a,/
 单增李斯特菌 ,PS CS2-S1-2,������������,��̨,/,/,/,/,/,/,/,/,/,/,/,/,/,/,1/2a,/
 单增李斯特菌 ,PS CS2-S1-3,������������,��̨,/,/,+,/,/,/,/,/,/,/,/,/,/,/,1/2a,/
 单增李斯特菌 ,QJJ NM2-R2-1,ũó�г���������,�Ͳ�,/,/,/,/,/,/,/,/,/,/,/,/,/,/,1/2b,/
 单增李斯特菌 ,RG CS1-S1-3,������������,����,/,/,/,/,/,/,/,/,/,/,/,/,/,/,1/2a,/
 单增李斯特菌 ,RG CS2-S1-1,������������,����,/,/,/,/,/,/,/,/,/,/,/,/,/,/,1/2a,/
 单增李斯特菌 ,RG CS2-S1-2,������������,����,/,/,/,/,/,/,/,/,/,/,/,/,/,/,1/2a,/
 单增李斯特菌 ,RG CS2-S1-3,������������,����,/,/,/,/,/,/,/,/,/,/,/,/,/,/,1/2a,/
 单增李斯特菌 ,RG CS3-R1-1,������������,����,/,/,/,/,/,/,/,/,/,/,/,/,/,/,1/2a,/
 单增李斯特菌 ,RG CS3-R1-2,������������,����,/,/,/,/,/,/,/,/,/,/,/,/,/,/,1/2a,/
 单增李斯特菌 ,RG CS3-R1-3,������������,����,/,/,/,/,/,/,/,/,/,/,/,/,/,/,1/2a,/
 单增李斯特菌 ,RG NM5-S1-2,������������,����,/,/,/,/,/,/,/,/,/,/,/,/,/,/,1/2a,/
 单增李斯特菌 ,SKY CS1-R1-1,������������,Ϋ��,/,/,/,/,/,/,/,/,/,/,/,/,/,/,1/2b,/
 单增李斯特菌 ,SKY NM2-R1-2,������������,Ϋ��,/,/,/,/,/,/,/,/,/,/,/,/,/,/,1/2b,/
 单增李斯特菌 ,SKY NM2-R1-3,������������,Ϋ��,/,/,/,/,/,/,/,/,/,/,/,/,/,/,1/2b,/
 单增李斯特菌 ,SMH CS1-S1-1,������������,�ൺ,/,/,/,/,/,/,/,/,/,/,/,/,/,/,1/2b,/
 单增李斯特菌 ,SMH CS1-S1-2,������������,�ൺ,/,/,/,/,/,/,/,/,/,/,/,/,/,/,1/2b,/
 单增李斯特菌 ,SMH CS2-S1-1,������������,�ൺ,/,/,/,/,/,/,/,/,/,/,/,/,/,/,1/2a,/
 单增李斯特菌 ,SMH CS2-S1-2,������������,�ൺ,/,/,/,/,/,/,/,/,/,/,/,/,/,/,1/2a,/
 单增李斯特菌 ,SMH CS2-S1-3,������������,�ൺ,/,/,/,/,/,/,/,/,/,/,/,/,/,/,1/2a,/
 单增李斯特菌 ,YJ CS2-2-1,������������,����,/,/,/,/,/,/,/,/,/,/,/,/,/,/,1/2c,/
 单增李斯特菌 ,YJ CS2-S2-2,������������,����,/,/,/,/,/,/,/,/,/,/,/,/,/,/,1/2c,/
 单增李斯特菌 ,YJ CS2-S2-3,������������,����,/,/,/,/,/,/,/,/,/,/,/,/,/,/,1/2c,/
 单增李斯特菌 ,YS1-1,ũó�г���������,̩��,/,/,/,/,/,/,/,/,/,/,/,/,/,/,1/2a,/
 单增李斯特菌 ,YS1-2,ũó�г���������,̩��,/,/,/,/,/,/,/,/,/,/,/,/,/,/,1/2a,/
 单增李斯特菌 ,YS1-3,ũó�г���������,̩��,/,/,/,/,/,/,/,/,/,/,/,/,/,/,1/2a,/
 单增李斯特菌 ,YS2-2,ũó�г���������,̩��,/,/,/,/,/,/,/,/,/,/,/,/,/,/,1/2b,/
 单增李斯特菌 ,ZB1-1,ũó�г���������,̩��,/,/,/,/,/,/,/,/,/,/,/,/,/,/,1/2b,/
 单增李斯特菌 ,ZB1-2,ũó�г���������,̩��,/,/,/,/,/,/,/,/,/,/,/,/,/,/,1/2b,/
 单增李斯特菌 ,ZB1-3,ũó�г���������,̩��,/,/,/,/,/,/,/,/,/,/,/,/,/,/,1/2b,/
 单增李斯特菌 ,ZB1-4,ũó�г���������,̩��,/,/,/,/,/,/,/,/,/,/,/,/,/,/,1/2b,/
 单增李斯特菌 ,HJN-CS3-S1-1,������������,����,/,/,/,/,/,/,/,/,/,/,/,/,/,/,/,/
 单增李斯特菌 ,HJN-CS3-S1-2,������������,����,/,/,/,/,/,/,/,/,/,/,/,/,/,/,/,/
 单增李斯特菌 ,HJN-CS3-S1-3,������������,����,/,/,/,/,/,/,/,/,/,/,/,/,/,/,/,/
 单增李斯特菌 ,HQ-CS1-S1-1,������������,��ׯ,/,/,/,/,/,/,/,/,/,/,/,/,/,/,/,/
 单增李斯特菌 ,HQ-CS1-S1-2,������������,��ׯ,/,/,/,/,/,/,/,/,/,/,/,/,/,/,/,/
 单增李斯特菌 ,HQ-CS1-S1-3,������������,��ׯ,/,/,/,/,/,/,/,/,/,/,/,/,/,/,/,/
 单增李斯特菌 ,JXQ-CS5-S1-3,������������,����,/,/,/,/,/,/,/,/,/,/,/,/,/,/,/,/
 单增李斯特菌 ,LY-CS1-S1-2,������������,����,/,/,/,/,/,/,/,/,/,/,/,/,/,/,/,/
 单增李斯特菌 ,LY-CS1-S1-3,������������,����,/,/,/,/,/,/,/,/,/,/,/,/,/,/,/,/
 单增李斯特菌 ,LYXX-CS1-R1-1,������������,�ĳ�,/,/,/,/,/,/,/,/,/,/,/,/,/,/,/,/
 单增李斯特菌 ,LYXX-CS1-R1-2,������������,�ĳ�,/,/,/,/,/,/,/,/,/,/,/,/,/,/,/,/
 单增李斯特菌 ,MJ-CS2-S1-1,������������,Ϋ��,/,/,/,/,/,/,/,/,/,/,/,/,/,/,/,/
 单增李斯特菌 ,MJ-CS2-S1-2,������������,Ϋ��,/,/,/,/,/,/,/,/,/,/,/,/,/,/,/,/
 单增李斯特菌 ,MJ-CS2-S1-3,������������,Ϋ��,/,/,/,/,/,/,/,/,/,/,/,/,/,/,/,/
 单增李斯特菌 ,MJ-CS4-S1-1,������������,Ϋ��,/,/,/,/,/,/,/,/,/,/,/,/,/,/,/,/
 单增李斯特菌 ,QJJ-CS1-R1-1,������������,�Ͳ�,/,/,/,/,/,/,/,/,/,/,/,/,/,/,/,/
 单增李斯特菌 ,QJJ-CS1-R1-2,������������,�Ͳ�,/,/,/,/,/,/,/,/,/,/,/,/,/,/,/,/
 单增李斯特菌 ,QJJ-CS1-R1-3,������������,�Ͳ�,/,/,/,/,/,/,/,/,/,/,/,/,/,/,/,/
 单增李斯特菌 ,QJJ-NM2-R1-2,ũó�г���������,�Ͳ�,/,/,/,/,/,/,/,/,/,/,/,/,/,/,/,/
 单增李斯特菌 ,RG-NM5-S1-2,ũó�г���������,����,/,/,/,/,/,/,/,/,/,/,/,/,/,/,/,/
 单增李斯特菌 ,SKY-CS1-R1-2,������������,Ϋ��,/,/,/,/,/,/,/,/,/,/,/,/,/,/,/,/
 单增李斯特菌 ,SKY-CS2-R1-1,������������,Ϋ��,/,/,/,/,/,/,/,/,/,/,/,/,/,/,/,/
 单增李斯特菌 ,SKY-CS2-R1-2,������������,Ϋ��,/,/,/,/,/,/,/,/,/,/,/,/,/,/,/,/
 单增李斯特菌 ,SKY-CS2-R1-3,������������,Ϋ��,/,/,/,/,/,/,/,/,/,/,/,/,/,/,/,/
 单增李斯特菌 ,SKY-NM2-S1-3,������������,Ϋ��,/,/,/,/,/,/,/,/,/,/,/,/,/,/,/,/
 单增李斯特菌 ,SMH-CS1-S1-3,������������,�ൺ,/,/,/,/,/,/,/,/,/,/,/,/,/,/,/,/
 单增李斯特菌 ,PS-NM3-S1-2,ũó�г���������,��̨,/,/,/,/,/,/,/,/,/,/,/,/,/,/,/,/
 单增李斯特菌 ,PS-NM3-S1-3,ũó�г���������,��̨,/,/,/,/,/,/,/,/,/,/,/,/,/,/,/,/
 单增李斯特菌 ,RG-CS1-S1-2,������������,����,/,/,/,/,/,/,/,/,/,/,/,/,/,/,/,/
 单增李斯特菌 ,RG-NM5-S1-3,ũó�г���������,����,/,/,/,/,/,/,/,/,/,/,/,/,/,/,/,/
 单增李斯特菌 ,SKY-NM2-S1-2,ũó�г���������,Ϋ��,/,/,/,/,/,/,/,/,/,/,/,/,/,/,/,/
 单增李斯特菌 ,PS-NM3-S1-3,ũó�г���������,��̨,/,/,/,/,/,/,/,/,/,/,/,/,/,/,/,/
 单增李斯特菌 ,SKY-CS3-S1-1,������������,Ϋ��,/,/,/,/,/,/,/,/,/,/,/,/,/,/,/,/
 单增李斯特菌 ,SKY-NM2-S1-1,ũó�г���������,Ϋ��,/,/,/,/,/,/,/,/,/,/,/,/,/,/,/,/
????????���,2A42,ȥƤǰ,,/,/,/,-,/,/,/,/,/,/,/,/,/,/,/,ST1
????????���,2B31,ȥƤ��,,/,/,/,-,/,/,/,/,/,/,/,/,/,/,/,ST1
????????���,1B4,ȥƤ��,,/,/,/,-,/,/,/,/,/,/,/,/,/,/,/,ST1
????????���,1B5,ȥƤ��,,/,/,/,-,/,/,/,/,/,/,/,/,/,/,/,ST1
????????���,3B1,ȥƤ��,,/,/,/,-,/,/,/,/,/,/,/,/,/,/,/,ST7
????????���,3D1,��ȴ��,,/,/,/,-,/,/,/,/,/,/,/,/,/,/,/,ST7
????????���,3D2,��ȴ��,,/,/,/,-,/,/,/,/,/,/,/,/,/,/,/,ST7
????????���,3D3,��ȴ��,,/,/,/,-,/,/,/,/,/,/,/,/,/,/,/,ST7
????????���,3D4,��ȴ��,,/,/,/,-,/,/,/,/,/,/,/,/,/,/,/,ST7
????????���,3D5,��ȴ��,,/,/,/,-,/,/,/,/,/,/,/,/,/,/,/,ST7
????????���,3D6,��ȴ��,,/,/,/,-,/,/,/,/,/,/,/,/,/,/,/,ST7
????????���,3D7,��ȴ��,,/,/,/,-,/,/,/,/,/,/,/,/,/,/,/,ST7
????????���,3D8,��ȴ��,,/,/,/,-,/,/,/,/,/,/,/,/,/,/,/,ST7
????????���,3D9,��ȴ��,,/,/,/,-,/,/,/,/,/,/,/,/,/,/,/,ST7
????????���,3D10,��ȴ��,,/,/,/,-,/,/,/,/,/,/,/,/,/,/,/,ST7
????????���,3.00E+05,�ָ���,,/,/,/,-,/,/,/,/,/,/,/,/,/,/,/,ST7
????????���,3.00E+07,�ָ���,,/,/,/,-,/,/,/,/,/,/,/,/,/,/,/,ST7
????????���,3.00E+08,�ָ���,,/,/,/,-,/,/,/,/,/,/,/,/,/,/,/,ST7
????????���,3.00E+09,�ָ���,,/,/,/,-,/,/,/,/,/,/,/,/,/,/,/,ST7
????????���,3.00E+10,�ָ���,,/,/,/,-,/,/,/,/,/,/,/,/,/,/,/,ST7
????????���,3G1,�Ӵ�����,,/,/,/,-,/,/,/,/,/,/,/,/,/,/,/,ST7
????????���,3G2,�Ӵ�����,,/,/,/,-,/,/,/,/,/,/,/,/,/,/,/,ST7
????????���,3G4,�Ӵ�����,,/,/,/,-,/,/,/,/,/,/,/,/,/,/,/,ST7
????????���,3G5,�Ӵ�����,,/,/,/,-,/,/,/,/,/,/,/,/,/,/,/,ST7
????????���,3G7,�Ӵ�����,,/,/,/,-,/,/,/,/,/,/,/,/,/,/,/,ST7
????????���,3G8,�Ӵ�����,,/,/,/,-,/,/,/,/,/,/,/,/,/,/,/,ST7
????????���,3G9,�Ӵ�����,,/,/,/,-,/,/,/,/,/,/,/,/,/,/,/,ST7
????????���,3G10,�Ӵ�����,,/,/,/,-,/,/,/,/,/,/,/,/,/,/,/,ST7
????????���,4D1,��ȴ��,,/,/,/,-,/,/,/,/,/,/,/,/,/,/,/,ST7
????????���,4D2,��ȴ��,,/,/,/,-,/,/,/,/,/,/,/,/,/,/,/,ST7
????????���,4D3,��ȴ��,,/,/,/,-,/,/,/,/,/,/,/,/,/,/,/,ST7
????????���,4D4,��ȴ��,,/,/,/,-,/,/,/,/,/,/,/,/,/,/,/,ST7
????????���,4D5,��ȴ��,,/,/,/,-,/,/,/,/,/,/,/,/,/,/,/,ST7
????????���,4D6,��ȴ��,,/,/,/,-,/,/,/,/,/,/,/,/,/,/,/,ST7
????????���,4D7,��ȴ��,,/,/,/,-,/,/,/,/,/,/,/,/,/,/,/,ST7
????????���,4D8,��ȴ��,,/,/,/,-,/,/,/,/,/,/,/,/,/,/,/,ST7
????????���,4D10,��ȴ��,,/,/,/,-,/,/,/,/,/,/,/,/,/,/,/,ST7
????????���,4B3,ȥƤ��,,/,/,/,-,/,/,/,/,/,/,/,/,/,/,/,ST88
????????���,4B6,ȥƤ��,,/,/,/,-,/,/,/,/,/,/,/,/,/,/,/,ST7
????????���,4B8,ȥƤ��,,/,/,/,-,/,/,/,/,/,/,/,/,/,/,/,ST88
????????���,4.00E+02,�ָ���,,/,/,/,-,/,/,/,/,/,/,/,/,/,/,/,ST7
????????���,4.00E+04,�ָ���,,/,/,/,-,/,/,/,/,/,/,/,/,/,/,/,new
????????���,4.00E+10,�ָ���,,/,/,/,-,/,/,/,/,/,/,/,/,/,/,/,ST7
????????���,4G3,�Ӵ�����,,/,/,/,-,/,/,/,/,/,/,/,/,/,/,/,ST7
????????���,4G5,�Ӵ�����,,/,/,/,-,/,/,/,/,/,/,/,/,/,/,/,ST7
????????���,4G7,�Ӵ�����,,/,/,/,-,/,/,/,/,/,/,/,/,/,/,/,ST7
????????���,4G9,�Ӵ�����,,/,/,/,-,/,/,/,/,/,/,/,/,/,/,/,ST7
????????���,4G10,�Ӵ�����,,/,/,/,-,/,/,/,/,/,/,/,/,/,/,/,ST7
????????���,5A6,ȥƤǰ,,/,/,/,-,/,/,/,/,/,/,/,/,/,/,/,ST1
????????���,5B1,ȥƤ��,,/,/,/,-,/,/,/,/,/,/,/,/,/,/,/,ST1
????????���,5B10,ȥƤ��,,/,/,/,-,/,/,/,/,/,/,/,/,/,/,/,ST6717
????????���,5C2,���ܺ�,,/,/,/,-,/,/,/,/,/,/,/,/,/,/,/,ST22
????????���,5D4,��ȴ��,,/,/,/,-,/,/,/,/,/,/,/,/,/,/,/,ST6732
????????���,5D6,��ȴ��,,/,/,/,-,/,/,/,/,/,/,/,/,/,/,/,ST6732
????????���,5D9,��ȴ��,,/,/,/,+,/,/,/,/,/,/,/,/,/,/,/,ST59
????????���,5D10,��ȴ��,,/,/,/,-,/,/,/,/,/,/,/,/,/,/,/,ST6732
????????���,5.00E+06,�ָ���,,/,/,/,-,/,/,/,/,/,/,/,/,/,/,/,ST121
????????���,5G7,�Ӵ�����,,/,/,/,-,/,/,/,/,/,/,/,/,/,/,/,ST1
????????���,6A6,ȥƤǰ,,/,/,/,-,/,/,/,/,/,/,/,/,/,/,/,ST352
????????���,6B7,ȥƤ��,,/,/,/,-,/,/,/,/,/,/,/,/,/,/,/,ST121
金黄色葡萄球菌,1-B-4��1-B-4-1��1-B-4-2,ȥƤ��,ɽ����������Դ�����������޹�˾,/,/,/,/,/,/,/,/,/,/,/,/,/,/,/,/
金黄色葡萄球菌,1-B-5-1��1-B-5-2,ȥƤ��,ɽ����������Դ�����������޹�˾,/,/,/,/,/,/,/,/,/,/,/,/,/,/,/,/
金黄色葡萄球菌,2-B-3-1,ȥƤ��,ɽ���̶���������������޹�˾,/,/,/,/,/,/,/,/,/,/,/,/,/,/,/,/
金黄色葡萄球菌,2-A-4-2,ȥƤǰ,ɽ���̶���������������޹�˾,/,/,/,/,/,/,/,/,/,/,/,/,/,/,/,/
金黄色葡萄球菌,3-G-10-1��3-G-10-2,����,ɽ���̶���������������޹�˾,/,/,/,/,/,/,/,/,/,/,/,/,/,/,/,/
金黄色葡萄球菌,3-G-9-1��3-G-9-2,����,ɽ���̶���������������޹�˾,/,/,/,/,/,/,/,/,/,/,/,/,/,/,/,/
金黄色葡萄球菌,3-G-8-1��3-G-8-2,����,ɽ���̶���������������޹�˾,/,/,/,/,/,/,/,/,/,/,/,/,/,/,/,/
金黄色葡萄球菌,3-G-7-1��3-G-7-2,����,ɽ���̶���������������޹�˾,/,/,/,/,/,/,/,/,/,/,/,/,/,/,/,/
金黄色葡萄球菌,3-G-5-1��3-G-5-2,����,ɽ���̶���������������޹�˾,/,/,/,/,/,/,/,/,/,/,/,/,/,/,/,/
金黄色葡萄球菌,3-G-4-1��3-G-4-2,����,ɽ���̶���������������޹�˾,/,/,/,/,/,/,/,/,/,/,/,/,/,/,/,/
金黄色葡萄球菌,3-G-2-1��3-G-2-2,����,ɽ���̶���������������޹�˾,/,/,/,/,/,/,/,/,/,/,/,/,/,/,/,/
金黄色葡萄球菌,3-G-1-1��3-G-1-2,����,ɽ���̶���������������޹�˾,/,/,/,/,/,/,/,/,/,/,/,/,/,/,/,/
金黄色葡萄球菌,3-E-10-1,�ָ��,ɽ���̶���������������޹�˾,/,/,/,/,/,/,/,/,/,/,/,/,/,/,/,/
金黄色葡萄球菌,3-E-9-2,�ָ��,ɽ���̶���������������޹�˾,/,/,/,/,/,/,/,/,/,/,/,/,/,/,/,/
金黄色葡萄球菌,3-E-8-1��3-E-8-2,�ָ��,ɽ���̶���������������޹�˾,/,/,/,/,/,/,/,/,/,/,/,/,/,/,/,/
金黄色葡萄球菌,3-E-7-1��3-E-7-2,�ָ��,ɽ���̶���������������޹�˾,/,/,/,/,/,/,/,/,/,/,/,/,/,/,/,/
金黄色葡萄球菌,3-E-5,�ָ��,ɽ���̶���������������޹�˾,/,/,/,/,/,/,/,/,/,/,/,/,/,/,/,/
金黄色葡萄球菌,3-D-10-1��3-D-10-2,�����,ɽ���̶���������������޹�˾,/,/,/,/,/,/,/,/,/,/,/,/,/,/,/,/
金黄色葡萄球菌,3-D-9-1��3-D-9-2,�����,ɽ���̶���������������޹�˾,/,/,/,/,/,/,/,/,/,/,/,/,/,/,/,/
金黄色葡萄球菌,3-D-8-1��3-D-8-2,�����,ɽ���̶���������������޹�˾,/,/,/,/,/,/,/,/,/,/,/,/,/,/,/,/
金黄色葡萄球菌,3-D-7-1��3-D-7-2,�����,ɽ���̶���������������޹�˾,/,/,/,/,/,/,/,/,/,/,/,/,/,/,/,/
金黄色葡萄球菌,3-D-6-1��3-D-6-2,�����,ɽ���̶���������������޹�˾,/,/,/,/,/,/,/,/,/,/,/,/,/,/,/,/
金黄色葡萄球菌,3-D-5-1��3-D-5-2,�����,ɽ���̶���������������޹�˾,/,/,/,/,/,/,/,/,/,/,/,/,/,/,/,/
金黄色葡萄球菌,3-D-4-1��3-D-4-2��3-D-4-3,�����,ɽ���̶���������������޹�˾,/,/,/,/,/,/,/,/,/,/,/,/,/,/,/,/
金黄色葡萄球菌,3-D-3-1��3-D-3-2��3-D-3-3,�����,ɽ���̶���������������޹�˾,/,/,/,/,/,/,/,/,/,/,/,/,/,/,/,/
金黄色葡萄球菌,3-D-2-1��3-D-2-2��3-D-2-3,�����,ɽ���̶���������������޹�˾,/,/,/,/,/,/,/,/,/,/,/,/,/,/,/,/
金黄色葡萄球菌,3-D-1-2��3-D-1-3,�����,ɽ���̶���������������޹�˾,/,/,/,/,/,/,/,/,/,/,/,/,/,/,/,/
金黄色葡萄球菌,3-B-1-1,ȥƤ��,ɽ���̶���������������޹�˾,/,/,/,/,/,/,/,/,/,/,/,/,/,/,/,/
金黄色葡萄球菌,4-G-10,����,ɽ���̶���������������޹�˾,/,/,/,/,/,/,/,/,/,/,/,/,/,/,/,/
金黄色葡萄球菌,4-G-9,����,ɽ���̶���������������޹�˾,/,/,/,/,/,/,/,/,/,/,/,/,/,/,/,/
金黄色葡萄球菌,4-G-7,����,ɽ���̶���������������޹�˾,/,/,/,/,/,/,/,/,/,/,/,/,/,/,/,/
金黄色葡萄球菌,4-G-5-1��4-G-5-2,����,ɽ���̶���������������޹�˾,/,/,/,/,/,/,/,/,/,/,/,/,/,/,/,/
金黄色葡萄球菌,4-G-3-1��4-G-3-2,����,ɽ���̶���������������޹�˾,/,/,/,/,/,/,/,/,/,/,/,/,/,/,/,/
金黄色葡萄球菌,4-E-10-1��4-E-10-2,�ָ��,ɽ���̶���������������޹�˾,/,/,/,/,/,/,/,/,/,/,/,/,/,/,/,/
金黄色葡萄球菌,4-E-4-1��4-E-4-2,�ָ��,ɽ���̶���������������޹�˾,/,/,/,/,/,/,/,/,/,/,/,/,/,/,/,/
金黄色葡萄球菌,4-E-2,�ָ��,ɽ���̶���������������޹�˾,/,/,/,/,/,/,/,/,/,/,/,/,/,/,/,/
金黄色葡萄球菌,4-B-8-1��4-B-8-2,ȥƤ��,ɽ���̶���������������޹�˾,/,/,/,/,/,/,/,/,/,/,/,/,/,/,/,/
金黄色葡萄球菌,4-B-6,ȥƤ��,ɽ���̶���������������޹�˾,/,/,/,/,/,/,/,/,/,/,/,/,/,/,/,/
金黄色葡萄球菌,4-B-3-1��4-B-3-2,ȥƤ��,ɽ���̶���������������޹�˾,/,/,/,/,/,/,/,/,/,/,/,/,/,/,/,/
金黄色葡萄球菌,4-D-10-1��4-D-10-2,�����,ɽ���̶���������������޹�˾,/,/,/,/,/,/,/,/,/,/,/,/,/,/,/,/
金黄色葡萄球菌,4-D-8-1��4-D-8-2,�����,ɽ���̶���������������޹�˾,/,/,/,/,/,/,/,/,/,/,/,/,/,/,/,/
金黄色葡萄球菌,4-D-7-1��4-D-7-2,�����,ɽ���̶���������������޹�˾,/,/,/,/,/,/,/,/,/,/,/,/,/,/,/,/
金黄色葡萄球菌,4-D-6-1��4-D-6-2,�����,ɽ���̶���������������޹�˾,/,/,/,/,/,/,/,/,/,/,/,/,/,/,/,/
金黄色葡萄球菌,4-D-5-1��4-D-5-2,�����,ɽ���̶���������������޹�˾,/,/,/,/,/,/,/,/,/,/,/,/,/,/,/,/
金黄色葡萄球菌,4-D-4-1��4-D-4-2,�����,ɽ���̶���������������޹�˾,/,/,/,/,/,/,/,/,/,/,/,/,/,/,/,/
金黄色葡萄球菌,4-D-3-1��4-D-3-2,�����,ɽ���̶���������������޹�˾,/,/,/,/,/,/,/,/,/,/,/,/,/,/,/,/
金黄色葡萄球菌,4-D-2-1��4-D-2-2,�����,ɽ���̶���������������޹�˾,/,/,/,/,/,/,/,/,/,/,/,/,/,/,/,/
金黄色葡萄球菌,4-D-1-1��4-D-1-2,�����,ɽ���̶���������������޹�˾,/,/,/,/,/,/,/,/,/,/,/,/,/,/,/,/
金黄色葡萄球菌,5-G-7-1��5-G-7-2,����,ɽ����������Դ�����������޹�˾,/,/,/,/,/,/,/,/,/,/,/,/,/,/,/,/
金黄色葡萄球菌,5-E-6-1��5-E-6-2��5-E-6-3,�ָ��,ɽ����������Դ�����������޹�˾,/,/,/,/,/,/,/,/,/,/,/,/,/,/,/,/
金黄色葡萄球菌,5-D-10-1��5-D-10-2,�����,ɽ����������Դ�����������޹�˾,/,/,/,/,/,/,/,/,/,/,/,/,/,/,/,/
金黄色葡萄球菌,5-D-9-1��5-D-9-2,�����,ɽ����������Դ�����������޹�˾,/,/,/,/,/,/,/,/,/,/,/,/,/,/,/,/
金黄色葡萄球菌,5-D-6-1,�����,ɽ����������Դ�����������޹�˾,/,/,/,/,/,/,/,/,/,/,/,/,/,/,/,/
金黄色葡萄球菌,5-D-4-1��5-D-4-2,�����,ɽ����������Դ�����������޹�˾,/,/,/,/,/,/,/,/,/,/,/,/,/,/,/,/
金黄色葡萄球菌,5-C-2-1��5-C-2-2,���ܺ�,ɽ����������Դ�����������޹�˾,/,/,/,/,/,/,/,/,/,/,/,/,/,/,/,/
金黄色葡萄球菌,5-B-10-1��5-B-10-2,ȥƤ��,ɽ����������Դ�����������޹�˾,/,/,/,/,/,/,/,/,/,/,/,/,/,/,/,/
金黄色葡萄球菌,5-B-1-1��5-B-1-2��5-B-1-3,ȥƤ��,ɽ����������Դ�����������޹�˾,/,/,/,/,/,/,/,/,/,/,/,/,/,/,/,/
金黄色葡萄球菌,5-A-6-1��5-A-6-2��5-A-6-3,ȥƤǰ,ɽ����������Դ�����������޹�˾,/,/,/,/,/,/,/,/,/,/,/,/,/,/,/,/
金黄色葡萄球菌,6-B-7-1,ȥƤ��,ɽ����������Դ�����������޹�˾,/,/,/,/,/,/,/,/,/,/,/,/,/,/,/,/
金黄色葡萄球菌,6-A-6-1��6-A-6-2,ȥƤǰ,ɽ����������Դ�����������޹�˾,/,/,/,/,/,/,/,/,/,/,/,/,/,/,/,/
沙门氏菌,stbb27,��,��������,/,/,/,/,/,/,/,/,K,A,+,-,/,/,/,/
沙门氏菌,sta177,ȥƤǰ,��������,/,/,/,/,/,/,/,/,K,A,+,-,/,/,/,/
沙门氏菌,rs2y476,,��������,/,/,/,/,/,/,/,/,A,A,-,-,/,/,/,/
沙门氏菌,sta675,ȥƤǰ,��������,/,/,/,/,/,/,/,/,A,A,-,-,/,/,/,/
沙门氏菌,sbc522,ȥ���,��������,/,/,/,/,/,/,/,/,K,A,-,+,/,/,/,/
沙门氏菌,stbb82,��,��������,/,/,/,/,/,/,/,/,A,A,-,-,/,/,/,/
沙门氏菌,std644,����,��������,/,/,/,/,/,/,/,/,K,K,-,-,/,/,/,/
沙门氏菌,sta679,ȥƤǰ,��������,/,/,/,/,/,/,/,/,A,A,-,+,/,/,/,/
沙门氏菌,ry114,ȥƤǰ,��������,/,/,/,/,/,/,/,/,A,A,-,-,/,/,/,/
沙门氏菌,std165,����,��������,/,/,/,/,/,/,/,/,K,K,-,-,/,/,/,/
沙门氏菌,rt326,ȥƤǰ,��������,/,/,/,/,/,/,/,/,A,A,-,-,/,/,/,/
沙门氏菌,rs491,ȥƤǰ,��������,/,/,/,/,/,/,/,/,A,A,-,-,/,/,/,/
沙门氏菌,ssd532,����,��������,/,/,/,/,/,/,/,/,K,A,+,-,/,/,/,/
沙门氏菌,rs816,ȥƤǰ,��������,/,/,/,/,/,/,/,/,A,A,+,-,/,/,/,/
沙门氏菌,rt932,ȥƤǰ,��������,/,/,/,/,/,/,/,/,A,A,-,-,/,/,/,/
沙门氏菌,sta416,ȥƤǰ,��������,/,/,/,/,/,/,/,/,A,A,-,+,/,/,/,/
沙门氏菌,ssd575,����,��������,/,/,/,/,/,/,/,/,K,A,-,-,/,/,/,/
沙门氏菌,rs27,ȥƤǰ,��������,/,/,/,/,/,/,/,/,A,A,-,-,/,/,/,/
沙门氏菌,rs767,ȥƤǰ,��������,/,/,/,/,/,/,/,/,K,K,-,-,/,/,/,/
沙门氏菌,std288,����,��������,/,/,/,/,/,/,/,/,K,K,-,-,/,/,/,/
沙门氏菌,rt4y694,,��������,/,/,/,/,/,/,/,/,K,K,-,-,/,/,/,/
沙门氏菌,rt4y668,,��������,/,/,/,/,/,/,/,/,K,K,-,-,/,/,/,/
沙门氏菌,std74,����,��������,/,/,/,/,/,/,/,/,K,K,-,-,/,/,/,/
沙门氏菌,stt494,ȥƤǰ,��������,/,/,/,/,/,/,/,/,A,A,-,-,/,/,/,/
沙门氏菌,rs466,ȥƤǰ,��������,/,/,/,/,/,/,/,/,K,K,-,-,/,/,/,/
沙门氏菌,rs117,ȥƤǰ,��������,/,/,/,/,/,/,/,/,K,K,-,-,/,/,/,/
沙门氏菌,sta295,ȥƤǰ,��������,/,/,/,/,/,/,/,/,A,A,+,-,/,/,/,/
沙门氏菌,stts445,ȥƤǰ,��������,/,/,/,/,/,/,/,/,K,K,-,-,/,/,/,/
沙门氏菌,rt331,ȥƤǰ,��������,/,/,/,/,/,/,/,/,A,A,-,-,/,/,/,/
沙门氏菌,rs129,ȥƤǰ,��������,/,/,/,/,/,/,/,/,A,A,-,-,/,/,/,/
沙门氏菌,rt371,ȥƤǰ,��������,/,/,/,/,/,/,/,/,A,A,+,-,/,/,/,/
沙门氏菌,std619,����,��������,/,/,/,/,/,/,/,/,K,K,-,-,/,/,/,/
沙门氏菌,sbd357,����,��������,/,/,/,/,/,/,/,/,K,K,-,-,/,/,/,/
沙门氏菌,rs982,ȥƤǰ,��������,/,/,/,/,/,/,/,/,K,K,-,-,/,/,/,/
沙门氏菌,rs1yi376,ȥƤǰ,��������,/,/,/,/,/,/,/,/,K,K,-,-,/,/,/,/
沙门氏菌,stbb58,��,��������,/,/,/,/,/,/,/,/,K,A,+,-,/,/,/,/
沙门氏菌,std233,����,��������,/,/,/,/,/,/,/,/,K,K,+,-,/,/,/,/
沙门氏菌,sts569,ȥƤǰ,��������,/,/,/,/,/,/,/,/,A,A,+,-,/,/,/,/
沙门氏菌,rs812,ȥƤǰ,��������,/,/,/,/,/,/,/,/,K,A,-,-,/,/,/,/
沙门氏菌,rs1yi343,ȥƤǰ,��������,/,/,/,/,/,/,/,/,K,K,+,-,/,/,/,/
沙门氏菌,rtyi543,ȥƤǰ,��������,/,/,/,/,/,/,/,/,A,A,-,+,/,/,/,/
沙门氏菌,rs832,ȥƤǰ,��������,/,/,/,/,/,/,/,/,K,K,-,-,/,/,/,/
沙门氏菌,rs439,ȥƤǰ,��������,/,/,/,/,/,/,/,/,K,K,+,-,/,/,/,/
沙门氏菌,rs628,ȥƤǰ,��������,/,/,/,/,/,/,/,/,K,A,+,-,/,/,/,/
沙门氏菌,sta498,ȥƤǰ,��������,/,/,/,/,/,/,/,/,A,A,-,-,/,/,/,/
沙门氏菌,rs612,ȥƤǰ,��������,/,/,/,/,/,/,/,/,K,K,-,+,/,/,/,/
沙门氏菌,rs795,ȥƤǰ,��������,/,/,/,/,/,/,/,/,K,K,+,-,/,/,/,/
沙门氏菌,rs722,ȥƤǰ,��������,/,/,/,/,/,/,/,/,K,K,-,-,/,/,/,/
沙门氏菌,rs1089,ȥƤǰ,��������,/,/,/,/,/,/,/,/,A,A,+,-,/,/,/,/
沙门氏菌,rs946,ȥƤǰ,��������,/,/,/,/,/,/,/,/,K,K,-,-,/,/,/,/
沙门氏菌,rs8yi164,ȥƤǰ,��������,/,/,/,/,/,/,/,/,A,A,+,-,/,/,/,/
沙门氏菌,rs921,ȥƤǰ,��������,/,/,/,/,/,/,/,/,K,K,-,-,/,/,/,/
沙门氏菌,rt399,ȥƤǰ,��������,/,/,/,/,/,/,/,/,A,A,-,-,/,/,/,/
沙门氏菌,rt928,ȥƤǰ,��������,/,/,/,/,/,/,/,/,A,A,-,-,/,/,/,/
沙门氏菌,std57,����,��������,/,/,/,/,/,/,/,/,K,K,-,-,/,/,/,/
沙门氏菌,rt86,ȥƤǰ,��������,/,/,/,/,/,/,/,/,A,A,-,-,/,/,/,/
沙门氏菌,rs1yi197,ȥƤǰ,��������,/,/,/,/,/,/,/,/,K,K,+,-,/,/,/,/
沙门氏菌,rt542,ȥƤǰ,��������,/,/,/,/,/,/,/,/,A,A,+,-,/,/,/,/
沙门氏菌,rs434,ȥƤǰ,��������,/,/,/,/,/,/,/,/,K,K,+,-,/,/,/,/
沙门氏菌,rs289,ȥƤǰ,��������,/,/,/,/,/,/,/,/,A,A,-,-,/,/,/,/
沙门氏菌,sbc577,ȥ���,��������,/,/,/,/,/,/,/,/,K,A,-,+,/,/,/,/
沙门氏菌,stbb96,��,��������,/,/,/,/,/,/,/,/,K,K,+,-,/,/,/,/
沙门氏菌,rs2y448,ȥƤǰ,��������,/,/,/,/,/,/,/,/,A,A,-,-,/,/,/,/
沙门氏菌,sta684,ȥƤǰ,��������,/,/,/,/,/,/,/,/,A,A,-,-,/,/,/,/
沙门氏菌,rt324,ȥƤǰ,��������,/,/,/,/,/,/,/,/,A,A,-,-,/,/,/,/
沙门氏菌,ry139,ȥƤǰ,��������,/,/,/,/,/,/,/,/,A,A,+,-,/,/,/,/
沙门氏菌,stbb17,                       ��,��������,/,/,/,/,/,/,/,/,A,A,-,-,/,/,/,/
沙门氏菌,ssd586,����,��������,/,/,/,/,/,/,/,/,K,K,+,+,/,/,/,/
沙门氏菌,rs66,ȥƤǰ,��������,/,/,/,/,/,/,/,/,A,A,-,-,/,/,/,/
沙门氏菌,sta497,ȥƤǰ,��������,/,/,/,/,/,/,/,/,A,A,+,+,/,/,/,/
沙门氏菌,rt946,ȥƤǰ,��������,/,/,/,/,/,/,/,/,A,A,-,-,/,/,/,/
沙门氏菌,rs835,ȥƤǰ,��������,/,/,/,/,/,/,/,/,A,A,+,-,/,/,/,/
沙门氏菌,rt4y663,ȥƤǰ,��������,/,/,/,/,/,/,/,/,K,K,-,-,/,/,/,/
沙门氏菌,rs755,ȥƤǰ,��������,/,/,/,/,/,/,/,/,K,K,-,-,/,/,/,/
沙门氏菌,sta423,ȥƤǰ,��������,/,/,/,/,/,/,/,/,A,A,+,-,/,/,/,/
沙门氏菌,rt814,ȥƤǰ,��������,/,/,/,/,/,/,/,/,A,A,-,-,/,/,/,/
沙门氏菌,rs692,ȥƤǰ,��������,/,/,/,/,/,/,/,/,K,K,-,-,/,/,/,/
沙门氏菌,stt7y228,ȥƤǰ,��������,/,/,/,/,/,/,/,/,A,A,-,-,/,/,/,/
沙门氏菌,stbb38,��,��������,/,/,/,/,/,/,/,/,K,K,+,-,/,/,/,/
沙门氏菌,rs43,ȥƤǰ,��������,/,/,/,/,/,/,/,/,K,K,+,-,/,/,/,/
沙门氏菌,rs885,ȥƤǰ,��������,/,/,/,/,/,/,/,/,A,A,-,-,/,/,/,/
沙门氏菌,rs837,ȥƤǰ,��������,/,/,/,/,/,/,/,/,A,A,+,+,/,/,/,/
沙门氏菌,rt7y513,ȥƤǰ,��������,/,/,/,/,/,/,/,/,A,A,-,+,/,/,/,/
沙门氏菌,rt524,ȥƤǰ,��������,/,/,/,/,/,/,/,/,A,A,+,-,/,/,/,/
沙门氏菌,stbb17,��,��������,/,/,/,/,/,/,/,/,K,K,-,+,/,/,/,/
沙门氏菌,rs135,ȥƤǰ,��������,/,/,/,/,/,/,/,/,K,K,+,-,/,/,/,/
沙门氏菌,ssd546,����,��������,/,/,/,/,/,/,/,/,A,A,+,+,/,/,/,/
沙门氏菌,rs1y164,ȥƤǰ,��������,/,/,/,/,/,/,/,/,A,A,+,+,/,/,/,/
沙门氏菌,stbb67,��,��������,/,/,/,/,/,/,/,/,A,K,+,+,/,/,/,/
沙门氏菌,stbb24,��,��������,/,/,/,/,/,/,/,/,K,K,+,+,/,/,/,/
沙门氏菌,s796,ȥƤǰ,��������,/,/,/,/,/,/,/,/,A,K,+,+,/,/,/,/
沙门氏菌,sta348,ȥƤǰ,��������,/,/,/,/,/,/,/,/,K,K,+,+,/,/,/,/
沙门氏菌,rs422,ȥƤǰ,��������,/,/,/,/,/,/,/,/,K,K,+,+,/,/,/,/
沙门氏菌,stbb25,��,��������,/,/,/,/,/,/,/,/,K,K,+,+,/,/,/,/
沙门氏菌,ssa174,ȥƤǰ,��������,/,/,/,/,/,/,/,/,K,K,-,+,/,/,/,/
沙门氏菌,stbb32,��,��������,/,/,/,/,/,/,/,/,K,K,+,+,/,/,/,/
沙门氏菌,sta399,ȥƤǰ,��������,/,/,/,/,/,/,/,/,K,K,+,+,/,/,/,/
沙门氏菌,ssd277,����,��������,/,/,/,/,/,/,/,/,K,K,-,+,/,/,/,/
沙门氏菌,rs379,ȥƤǰ,��������,/,/,/,/,/,/,/,/,K,K,-,+,/,/,/,/
沙门氏菌,std144,����,��������,/,/,/,/,/,/,/,/,K,K,-,+,/,/,/,/
沙门氏菌,sbd444,����,��������,/,/,/,/,/,/,/,/,K,K,-,+,/,/,/,/
沙门氏菌,std662,����,��������,/,/,/,/,/,/,/,/,K,K,-,+,/,/,/,/
沙门氏菌,rt4yi699,ȥƤǰ,��������,/,/,/,/,/,/,/,/,K,K,-,+,/,/,/,/
沙门氏菌,ssd222,����,��������,/,/,/,/,/,/,/,/,K,K,+,+,/,/,/,/
沙门氏菌,sbc662,ȥ���,��������,/,/,/,/,/,/,/,/,K,K,+,+,/,/,/,/
沙门氏菌,ssc537,ȥ���,��������,/,/,/,/,/,/,/,/,K,K,-,+,/,/,/,/
沙门氏菌,sta197,ȥƤǰ,��������,/,/,/,/,/,/,/,/,K,K,+,+,/,/,/,/
沙门氏菌,stbb97,��,��������,/,/,/,/,/,/,/,/,K,K,+,+,/,/,/,/
沙门氏菌,std299,����,��������,/,/,/,/,/,/,/,/,K,K,+,+,/,/,/,/
沙门氏菌,ssa197,ȥƤǰ,��������,/,/,/,/,/,/,/,/,K,K,+,+,/,/,/,/
沙门氏菌,sta176,ȥƤǰ,��������,/,/,/,/,/,/,/,/,K,K,+,+,/,/,/,/
沙门氏菌,stbb99,��,��������,/,/,/,/,/,/,/,/,K,K,-,+,/,/,/,/
沙门氏菌,stc116,ȥ���,��������,/,/,/,/,/,/,/,/,K,K,+,+,/,/,/,/
沙门氏菌,ssa347,ȥƤǰ,��������,/,/,/,/,/,/,/,/,K,K,+,+,/,/,/,/
沙门氏菌,sta332,ȥƤǰ,��������,/,/,/,/,/,/,/,/,K,K,+,+,/,/,/,/
沙门氏菌,rs499,ȥƤǰ,��������,/,/,/,/,/,/,/,/,A,A,-,+,/,/,/,/
沙门氏菌,rs379,ȥƤǰ,��������,/,/,/,/,/,/,/,/,K,K,-,+,/,/,/,/
沙门氏菌,stbb78,��,��������,/,/,/,/,/,/,/,/,K,K,+,+,/,/,/,/
沙门氏菌,sta652,ȥƤǰ,��������,/,/,/,/,/,/,/,/,K,K,+,+,/,/,/,/
沙门氏菌,ssa392,ȥƤǰ,��������,/,/,/,/,/,/,/,/,K,K,-,+,/,/,/,/
沙门氏菌,sta374,ȥƤǰ,��������,/,/,/,/,/,/,/,/,K,K,+,+,/,/,/,/
沙门氏菌,stbb797,��,��������,/,/,/,/,/,/,/,/,K,K,+,-,/,/,/,/
沙门氏菌,stbb1088,��,��������,/,/,/,/,/,/,/,/,K,K,+,-,/,/,/,/
沙门氏菌,stbb1188,��,��������,/,/,/,/,/,/,/,/,K,K,+,-,/,/,/,/
沙门氏菌,stbb487,��,��������,/,/,/,/,/,/,/,/,K,K,+,+,/,/,/,/
沙门氏菌,stbb962,��,��������,/,/,/,/,/,/,/,/,K,K,+,-,/,/,/,/
沙门氏菌,stbb593,��,��������,/,/,/,/,/,/,/,/,K,K,+,-,/,/,/,/
沙门氏菌,rs6126,ȥƤǰ,��������,/,/,/,/,/,/,/,/,A,A,+,-,/,/,/,/
沙门氏菌,stbb375,��,��������,/,/,/,/,/,/,/,/,K,A,+,-,/,/,/,/
沙门氏菌,stbb632,��,��������,/,/,/,/,/,/,/,/,K,A,+,+,/,/,/,/
沙门氏菌,rs6245,ȥƤǰ,��������,/,/,/,/,/,/,/,/,A,A,+,+,/,/,/,/
沙门氏菌,sheg1133,ȥƤǰ,��������,/,/,/,/,/,/,/,/,A,A,+,+,/,/,/,/
沙门氏菌,schf1356,ȥƤǰ,��������,/,/,/,/,/,/,/,/,K,K,-,-,/,/,/,/
沙门氏菌,schg1814,ȥƤǰ,��������,/,/,/,/,/,/,/,/,A,A,-,-,/,/,/,/
沙门氏菌,shec549,ȥ���,��������,/,/,/,/,/,/,/,/,A,A,+,-,/,/,/,/
沙门氏菌,shef1969,������,��������,/,/,/,/,/,/,/,/,A,A,+,-,/,/,/,/
沙门氏菌,sheg741,ȥƤǰ,��������,/,/,/,/,/,/,/,/,A,A,+,-,/,/,/,/
沙门氏菌,shef1519,������,��������,/,/,/,/,/,/,/,/,A,A,+,-,/,/,/,/
沙门氏菌,schd731,����,��������,/,/,/,/,/,/,/,/,K,K,+,-,/,/,/,/
沙门氏菌,sheg633,ȥƤǰ,��������,/,/,/,/,/,/,/,/,A,A,+,-,/,/,/,/
沙门氏菌,shef1384,������,��������,/,/,/,/,/,/,/,/,K,A,+,-,/,/,/,/
沙门氏菌,sheg1161,ȥƤǰ,��������,/,/,/,/,/,/,/,/,A,A,+,-,/,/,/,/
沙门氏菌,shef1744,������,��������,/,/,/,/,/,/,/,/,K,A,+,-,/,/,/,/
沙门氏菌,sheb292,ȥƤ��,��������,/,/,/,/,/,/,/,/,A,A,+,+,/,/,/,/
沙门氏菌,shed382,����,��������,/,/,/,/,/,/,/,/,K,A,+,-,/,/,/,/
沙门氏菌,schbb245,��,��������,/,/,/,/,/,/,/,/,K,K,+,-,/,/,/,/
沙门氏菌,schbb742,��,��������,/,/,/,/,/,/,/,/,K,K,+,-,/,/,/,/
沙门氏菌,schbb893,��,��������,/,/,/,/,/,/,/,/,K,K,+,-,/,/,/,/
沙门氏菌,schf1837,������,��������,/,/,/,/,/,/,/,/,K,A,-,-,/,/,/,/
沙门氏菌,shef471,������,��������,/,/,/,/,/,/,/,/,K,K,+,-,/,/,/,/
沙门氏菌,shef936,������,��������,/,/,/,/,/,/,/,/,A,A,+,+,/,/,/,/
沙门氏菌,shef372,������,��������,/,/,/,/,/,/,/,/,K,A,+,-,/,/,/,/
沙门氏菌,shef1166,������,��������,/,/,/,/,/,/,/,/,K,A,+,-,/,/,/,/
沙门氏菌,shef669,������,��������,/,/,/,/,/,/,/,/,K,A,+,-,/,/,/,/
沙门氏菌,schc174,ȥ���,��������,/,/,/,/,/,/,/,/,K,K,+,-,/,/,/,/
沙门氏菌,schc174,ȥ���,��������,/,/,/,/,/,/,/,/,K,K,+,-,/,/,/,/
沙门氏菌,sheg467,ȥƤǰ,��������,/,/,/,/,/,/,/,/,A,A,+,-,/,/,/,/
沙门氏菌,schd844,����,��������,/,/,/,/,/,/,/,/,K,K,+,-,/,/,/,/
沙门氏菌,schf1353,������,��������,/,/,/,/,/,/,/,/,K,K,+,-,/,/,/,/
沙门氏菌,sheg1191,ȥƤǰ,��������,/,/,/,/,/,/,/,/,K,K,+,-,/,/,/,/
沙门氏菌,schbb996,��,��������,/,/,/,/,/,/,/,/,K,K,+,-,/,/,/,/
沙门氏菌,shef445,������,��������,/,/,/,/,/,/,/,/,K,K,+,-,/,/,/,/
沙门氏菌,sheb985,ȥƤ��,��������,/,/,/,/,/,/,/,/,A,A,+,-,/,/,/,/
沙门氏菌,sheb124,ȥƤ��,��������,/,/,/,/,/,/,/,/,A,A,+,+,/,/,/,/
沙门氏菌,schbb872,��,��������,/,/,/,/,/,/,/,/,K,K,+,-,/,/,/,/
沙门氏菌,schbb371,��,��������,/,/,/,/,/,/,/,/,K,K,+,-,/,/,/,/
沙门氏菌,shec454,ȥ���,��������,/,/,/,/,/,/,/,/,A,A,+,-,/,/,/,/
沙门氏菌,sheb391,ȥƤ��,��������,/,/,/,/,/,/,/,/,A,A,+,+,/,/,/,/
沙门氏菌,schd225,����,��������,/,/,/,/,/,/,/,/,K,K,+,-,/,/,/,/
沙门氏菌,shebb1024,��,��������,/,/,/,/,/,/,/,/,A,A,+,+,/,/,/,/
沙门氏菌,schc531,ȥ���,��������,/,/,/,/,/,/,/,/,K,K,+,-,/,/,/,/
沙门氏菌,shec464,ȥ���,��������,/,/,/,/,/,/,/,/,A,A,+,+,/,/,/,/
沙门氏菌,shec687,ȥ���,��������,/,/,/,/,/,/,/,/,A,A,+,+,/,/,/,/
沙门氏菌,shed776,����,��������,/,/,/,/,/,/,/,/,A,A,+,+,/,/,/,/
沙门氏菌,shed1096,����,��������,/,/,/,/,/,/,/,/,K,A,+,-,/,/,/,/
沙门氏菌,shec1027,ȥ���,��������,/,/,/,/,/,/,/,/,A,A,+,+,/,/,/,/
沙门氏菌,sheb789,ȥƤ��,��������,/,/,/,/,/,/,/,/,A,A,+,-,/,/,/,/
沙门氏菌,shebb727,��,��������,/,/,/,/,/,/,/,/,K,A,+,+,/,/,/,/
沙门氏菌,shed823,����,��������,/,/,/,/,/,/,/,/,K,K,+,-,/,/,/,/
沙门氏菌,shed869,����,��������,/,/,/,/,/,/,/,/,K,K,+,-,/,/,/,/
沙门氏菌,shea1058,ȥƤǰ,��������,/,/,/,/,/,/,/,/,A,A,+,+,/,/,/,/
沙门氏菌,f.shef1762,������,��������,/,/,/,/,/,/,/,/,A,A,+,-,/,/,/,/
沙门氏菌,s.shec492,ȥ���,��������,/,/,/,/,/,/,/,/,A,A,+,+,/,/,/,/
沙门氏菌,f.shed852,����,��������,/,/,/,/,/,/,/,/,A,A,+,-,/,/,/,/
沙门氏菌,f.shef17-239,������,��������,/,/,/,/,/,/,/,/,A,A,+,+,/,/,/,/
沙门氏菌,s.shec4-113,ȥ���,��������,/,/,/,/,/,/,/,/,A,A,-,+,/,/,/,/
沙门氏菌,f.shed8-256,����,��������,/,/,/,/,/,/,/,/,K,K,+,-,/,/,/,/
沙门氏菌,shebb646,��,��������,/,/,/,/,/,/,/,/,K,K,+,-,/,/,/,/
沙门氏菌,schbb114,��,��������,/,/,/,/,/,/,/,/,K,K,+,-,/,/,/,/
沙门氏菌,shea127,ȥƤǰ,��������,/,/,/,/,/,/,/,/,A,A,+,+,/,/,/,/
沙门氏菌,schd63,����,��������,/,/,/,/,/,/,/,/,K,K,+,-,/,/,/,/
沙门氏菌,scha615,ȥƤǰ,��������,/,/,/,/,/,/,/,/,K,K,+,-,/,/,/,/
沙门氏菌,shebb111,��,��������,/,/,/,/,/,/,/,/,K,K,+,-,/,/,/,/
沙门氏菌,shec621,ȥ���,��������,/,/,/,/,/,/,/,/,K,K,+,-,/,/,/,/
沙门氏菌,scha617,ȥƤǰ,��������,/,/,/,/,/,/,/,/,K,K,+,-,/,/,/,/
沙门氏菌,shebb31,��,��������,/,/,/,/,/,/,/,/,K,K,+,-,/,/,/,/
沙门氏菌,sheb434,ȥƤ��,��������,/,/,/,/,/,/,/,/,K,A,+,+,/,/,/,/
沙门氏菌,shea150,ȥƤǰ,��������,/,/,/,/,/,/,/,/,K,K,+,+,/,/,/,/
沙门氏菌,sheb336,ȥƤ��,��������,/,/,/,/,/,/,/,/,K,K,+,-,/,/,/,/
沙门氏菌,shea151,ȥƤǰ,��������,/,/,/,/,/,/,/,/,K,K,+,+,/,/,/,/
沙门氏菌,shebb67,��,��������,/,/,/,/,/,/,/,/,K,K,+,-,/,/,/,/
沙门氏菌,shec222,ȥ���,��������,/,/,/,/,/,/,/,/,K,K,+,-,/,/,/,/
沙门氏菌,shebb32,��,��������,/,/,/,/,/,/,/,/,K,K,+,-,/,/,/,/
沙门氏菌,shea3/d724,,��������,/,/,/,/,/,/,/,/,A,A,+,-,/,/,/,/
沙门氏菌,shed732,����,��������,/,/,/,/,/,/,/,/,A,A,+,-,/,/,/,/
沙门氏菌,shed1033,����,��������,/,/,/,/,/,/,/,/,A,A,-,+,/,/,/,/
沙门氏菌,sheb515,ȥƤ��,��������,/,/,/,/,/,/,/,/,A,A,+,+,/,/,/,/
沙门氏菌,scha98,ȥƤǰ,��������,/,/,/,/,/,/,/,/,K,K,+,-,/,/,/,/
沙门氏菌,sheb116,ȥƤ��,��������,/,/,/,/,/,/,/,/,K,K,+,-,/,/,/,/
沙门氏菌,shea828,ȥƤǰ,��������,/,/,/,/,/,/,/,/,K,K,+,-,/,/,/,/
沙门氏菌,schbb744,��,��������,/,/,/,/,/,/,/,/,K,K,+,-,/,/,/,/
沙门氏菌,scha122,ȥƤǰ,��������,/,/,/,/,/,/,/,/,K,K,+,-,/,/,/,/
沙门氏菌,scha616,ȥƤǰ,��������,/,/,/,/,/,/,/,/,K,K,+,-,/,/,/,/
沙门氏菌,scha710,ȥƤǰ,��������,/,/,/,/,/,/,/,/,K,K,+,-,/,/,/,/
沙门氏菌,scha120,                   ȥƤǰ,��������,/,/,/,/,/,/,/,/,K,K,+,-,/,/,/,/
沙门氏菌,scha425,ȥƤǰ,��������,/,/,/,/,/,/,/,/,K,K,+,-,/,/,/,/
沙门氏菌,scha79,ȥƤǰ,��������,/,/,/,/,/,/,/,/,K,K,+,-,/,/,/,/
沙门氏菌,scha424,ȥƤǰ,��������,/,/,/,/,/,/,/,/,K,K,+,-,/,/,/,/
沙门氏菌,scha78,ȥƤǰ,��������,/,/,/,/,/,/,/,/,K,K,+,-,/,/,/,/
沙门氏菌,shec620,ȥ���,��������,/,/,/,/,/,/,/,/,K,K,+,-,/,/,/,/
沙门氏菌,scha121,ȥƤǰ,��������,/,/,/,/,/,/,/,/,K,K,+,-,/,/,/,/
沙门氏菌,schbb627,��,��������,/,/,/,/,/,/,/,/,K,K,+,-,/,/,/,/
沙门氏菌,shea923,ȥƤǰ,��������,/,/,/,/,/,/,/,/,K,K,+,-,/,/,/,/
沙门氏菌,schbb137,��,��������,/,/,/,/,/,/,/,/,K,K,+,-,/,/,/,/
沙门氏菌,scha919,ȥƤǰ,��������,/,/,/,/,/,/,/,/,K,K,+,-,/,/,/,/
沙门氏菌,scha711,                   ȥƤǰ,��������,/,/,/,/,/,/,/,/,K,K,+,-,/,/,/,/
沙门氏菌,scha712,ȥƤǰ,��������,/,/,/,/,/,/,/,/,K,K,+,-,/,/,/,/
沙门氏菌,shea719,ȥƤǰ,��������,/,/,/,/,/,/,/,/,K,K,+,-,/,/,/,/
沙门氏菌,shea828,ȥƤǰ,��������,/,/,/,/,/,/,/,/,K,K,+,-,/,/,/,/
沙门氏菌,shebb66,��,��������,/,/,/,/,/,/,/,/,K,K,+,-,/,/,/,/
沙门氏菌,schd52,����,��������,/,/,/,/,/,/,/,/,K,K,+,-,/,/,/,/
沙门氏菌,schbb628,��,��������,/,/,/,/,/,/,/,/,K,K,+,-,/,/,/,/
沙门氏菌,shee69,����,��������,/,/,/,/,/,/,/,/,K,A,+,-,/,/,/,/
沙门氏菌,shee619,����,��������,/,/,/,/,/,/,/,/,K,A,+,-,/,/,/,/
沙门氏菌,shee1025,����,��������,/,/,/,/,/,/,/,/,K,A,+,-,/,/,/,/
沙门氏菌,shee68_4,����,��������,/,/,/,/,/,/,/,/,K,A,+,-,/,/,/,/
沙门氏菌,shee68_3,����,��������,/,/,/,/,/,/,/,/,K,A,+,-,/,/,/,/
沙门氏菌,shee68,����,��������,/,/,/,/,/,/,/,/,K,K,+,-,/,/,/,/
沙门氏菌,shee68--1,����,��������,/,/,/,/,/,/,/,/,K,K,+,-,/,/,/,/
沙门氏菌,shee1025--2,����,��������,/,/,/,/,/,/,/,/,K,K,+,-,/,/,/,/
沙门氏菌,schf750,������,��������,/,/,/,/,/,/,/,/,K,K,+,-,/,/,/,/
沙门氏菌,shef2520,������,��������,/,/,/,/,/,/,/,/,K,K,+,-,/,/,/,/
沙门氏菌,sche2545,����,��������,/,/,/,/,/,/,/,/,K,K,+,-,/,/,/,/
沙门氏菌,sche2841,����,��������,/,/,/,/,/,/,/,/,K,K,+,-,/,/,/,/
沙门氏菌,shee2326,����,��������,/,/,/,/,/,/,/,/,K,A,+,-,/,/,/,/
沙门氏菌,p2-shef8_f1_f48,������,��������,/,/,/,/,/,/,/,/,A,A,+,-,/,/,/,/
沙门氏菌,p2-shebb92,��,��������,/,/,/,/,/,/,/,/,K,K,+,-,/,/,/,/
沙门氏菌,p2-shebb86,��,��������,/,/,/,/,/,/,/,/,A,A,+,-,/,/,/,/
沙门氏菌,p2-sche313,����,��������,/,/,/,/,/,/,/,/,A,A,+,-,/,/,/,/
沙门氏菌,p2-schf108,������,��������,/,/,/,/,/,/,/,/,K,A,+,-,/,/,/,/
沙门氏菌,p2-shebb91,��,��������,/,/,/,/,/,/,/,/,A,A,+,-,/,/,/,/
沙门氏菌,p2-shebb44,��,��������,/,/,/,/,/,/,/,/,K,K,+,-,/,/,/,/
沙门氏菌,p2-sche312,����,��������,/,/,/,/,/,/,/,/,A,A,+,-,/,/,/,/
沙门氏菌,p2-shee6_e77,����,��������,/,/,/,/,/,/,/,/,K,A,-,-,/,/,/,/
沙门氏菌,p2-shebb92,��,��������,/,/,/,/,/,/,/,/,K,K,+,-,/,/,/,/
沙门氏菌,p2-shef59,������,��������,/,/,/,/,/,/,/,/,K,K,+,-,/,/,/,/
沙门氏菌,p3-shed1011,����,��������,/,/,/,/,/,/,/,/,K,K,+,-,/,/,/,/
沙门氏菌,p3-shec66,ȥ���,��������,/,/,/,/,/,/,/,/,K,K,+,-,/,/,/,/
沙门氏菌,p3-shed1012,����,��������,/,/,/,/,/,/,/,/,K,K,+,-,/,/,/,/
沙门氏菌,p3-shed61,����,��������,/,/,/,/,/,/,/,/,K,K,+,-,/,/,/,/
沙门氏菌,p3-shed84,����,��������,/,/,/,/,/,/,/,/,K,K,+,-,/,/,/,/
沙门氏菌,p3-shed73,����,��������,/,/,/,/,/,/,/,/,A,A,+,-,/,/,/,/
沙门氏菌,p3-shec109,ȥ���,��������,/,/,/,/,/,/,/,/,K,K,+,-,/,/,/,/
沙门氏菌,p3-shed84,����,��������,/,/,/,/,/,/,/,/,K,K,+,-,/,/,/,/
沙门氏菌,p3-sche74,����,��������,/,/,/,/,/,/,/,/,K,A,+,-,/,/,/,/
沙门氏菌,sche74_1,����,��������,/,/,/,/,/,/,/,/,A,A,+,-,/,/,/,/
沙门氏菌,p3-shed95,����,��������,/,/,/,/,/,/,/,/,A,K,+,-,/,/,/,/
沙门氏菌,p3-shea1110,ȥƤǰ,��������,/,/,/,/,/,/,/,/,A,A,+,-,/,/,/,/
沙门氏菌,p1-shec119,ȥ���,��������,/,/,/,/,/,/,/,/,A,A,+,-,/,/,/,/
沙门氏菌,p1-shed114,����,��������,/,/,/,/,/,/,/,/,K,K,+,-,/,/,/,/
沙门氏菌,p1-shec52,                   ȥ���,��������,/,/,/,/,/,/,/,/,K,K,+,-,/,/,/,/
沙门氏菌,p1-shed213,����,��������,/,/,/,/,/,/,/,/,K,K,+,-,/,/,/,/
沙门氏菌,p1-shec118,ȥ���,��������,/,/,/,/,/,/,/,/,K,K,+,-,/,/,/,/
沙门氏菌,p1-shed212,����,��������,/,/,/,/,/,/,/,/,K,K,+,-,/,/,/,/
沙门氏菌,p1-shed116,����,��������,/,/,/,/,/,/,/,/,A,A,+,-,/,/,/,/
沙门氏菌,p1-shec119',ȥ���,��������,/,/,/,/,/,/,/,/,K,K,+,-,/,/,/,/
沙门氏菌,p1-shec51,ȥ���,��������,/,/,/,/,/,/,/,/,K,K,+,-,/,/,/,/
沙门氏菌,p3-shed72,����,��������,/,/,/,/,/,/,/,/,K,K,+,-,/,/,/,/
沙门氏菌,p3-sche74,����,��������,/,/,/,/,/,/,/,/,K,A,+,-,/,/,/,/
沙门氏菌,p3-sche74',����,��������,/,/,/,/,/,/,/,/,K,A,+,-,/,/,/,/
沙门氏菌,p3-shed95,����,��������,/,/,/,/,/,/,/,/,A,A,+,-,/,/,/,/
沙门氏菌,p3-sche21,����,��������,/,/,/,/,/,/,/,/,K,A,+,-,/,/,/,/
沙门氏菌,p1-shec52,ȥ���,��������,/,/,/,/,/,/,/,/,K,K,+,-,/,/,/,/
沙门氏菌,schd52--4,����,��������,/,/,/,/,/,/,/,/,K,A,+,-,/,/,/,/
沙门氏菌,schd52--6,����,��������,/,/,/,/,/,/,/,/,K,K,+,-,/,/,/,/
沙门氏菌,schd82--2,����,��������,/,/,/,/,/,/,/,/,K,K,+,-,/,/,/,/
沙门氏菌,p3-sche74,����,��������,/,/,/,/,/,/,/,/,K,K,+,-,/,/,/,/
沙门氏菌,schd52--3,����,��������,/,/,/,/,/,/,/,/,K,K,+,-,/,/,/,/
沙门氏菌,sta61,ȥƤǰ,��������,/,/,/,/,/,/,/,/,K,A,+,+,/,/,/,/
沙门氏菌,schd52,����,��������,/,/,/,/,/,/,/,/,K,K,+,-,/,/,/,/
沙门氏菌,scha616,ȥƤǰ,��������,/,/,/,/,/,/,/,/,K,K,+,-,/,/,/,/
沙门氏菌,schd52--5,����,��������,/,/,/,/,/,/,/,/,K,K,+,-,/,/,/,/
沙门氏菌,fir-shec593,ȥ��,��������,/,/,/,/,/,/,/,/,K,K,+,-,/,/,/,/
沙门氏菌,schb81,ȥƤ��,��������,/,/,/,/,/,/,/,/,K,A,+,-,/,/,/,/
沙门氏菌,schbb411,��,��������,/,/,/,/,/,/,/,/,K,K,+,-,/,/,/,/
沙门氏菌,schd58,����,��������,/,/,/,/,/,/,/,/,K,K,+,+,/,/,/,/
沙门氏菌,schbb413,��,��������,/,/,/,/,/,/,/,/,K,K,+,-,/,/,/,/
沙门氏菌,shea77,ȥƤǰ,��������,/,/,/,/,/,/,/,/,K,K,+,-,/,/,/,/
沙门氏菌,shebb115,��,��������,/,/,/,/,/,/,/,/,K,K,+,-,/,/,/,/
沙门氏菌,schbb412,��,��������,/,/,/,/,/,/,/,/,K,K,+,+,/,/,/,/
沙门氏菌,shea144,ȥƤǰ,��������,/,/,/,/,/,/,/,/,K,K,+,-,/,/,/,/
沙门氏菌,shebb322,��,��������,/,/,/,/,/,/,/,/,A,A,+,-,/,/,/,/
沙门氏菌,shea76,ȥƤǰ,��������,/,/,/,/,/,/,/,/,K,K,+,+,/,/,/,/
沙门氏菌,shea75,ȥƤǰ,��������,/,/,/,/,/,/,/,/,A,A,+,-,/,/,/,/
沙门氏菌,schb82,ȥƤ��,��������,/,/,/,/,/,/,/,/,K,K,+,-,/,/,/,/
沙门氏菌,scha43,ȥƤǰ,��������,/,/,/,/,/,/,/,/,K,A,+,-,/,/,/,/
沙门氏菌,schbb414,��,��������,/,/,/,/,/,/,/,/,K,K,+,-,/,/,/,/
沙门氏菌,shera1274,                   ȥƤǰ,��������,/,/,/,/,/,/,/,/,K,K,+,-,/,/,/,/
沙门氏菌,shesa125,ȥƤǰ,��������,/,/,/,/,/,/,/,/,K,K,+,-,/,/,/,/
沙门氏菌,shetb358,ȥƤ��,��������,/,/,/,/,/,/,/,/,K,K,+,-,/,/,/,/
沙门氏菌,shesb1220,ȥƤ��,��������,/,/,/,/,/,/,/,/,K,K,+,-,/,/,/,/
沙门氏菌,shesbb744,��,��������,/,/,/,/,/,/,/,/,K,K,+,-,/,/,/,/
沙门氏菌,shetb357,ȥƤ��,��������,/,/,/,/,/,/,/,/,K,K,+,-,/,/,/,/
沙门氏菌,shesb3179,ȥƤ��,��������,/,/,/,/,/,/,/,/,K,K,+,-,/,/,/,/
沙门氏菌,shesa732,ȥƤǰ,��������,/,/,/,/,/,/,/,/,K,K,+,-,/,/,/,/
沙门氏菌,shetb1490,ȥƤ��,��������,/,/,/,/,/,/,/,/,K,K,+,-,/,/,/,/
沙门氏菌,sheta1170,ȥƤǰ,��������,/,/,/,/,/,/,/,/,K,K,+,-,/,/,/,/
沙门氏菌,shesbb927,��,��������,/,/,/,/,/,/,/,/,K,K,+,-,/,/,/,/
沙门氏菌,shesb337,ȥƤ��,��������,/,/,/,/,/,/,/,/,K,K,+,-,/,/,/,/
沙门氏菌,shesa131,ȥƤǰ,��������,/,/,/,/,/,/,/,/,K,K,+,-,/,/,/,/
沙门氏菌,v7.scha43,ȥƤǰ,��������,/,/,/,/,/,/,/,/,K,K,+,-,/,/,/,/
沙门氏菌,shera993,ȥƤǰ,��������,/,/,/,/,/,/,/,/,K,K,+,-,/,/,/,/
沙门氏菌,shera1275,ȥƤǰ,��������,/,/,/,/,/,/,/,/,K,K,+,-,/,/,/,/
沙门氏菌,shetbb491,��,��������,/,/,/,/,/,/,/,/,K,K,+,-,/,/,/,/
沙门氏菌,shesa1433,ȥƤǰ,��������,/,/,/,/,/,/,/,/,K,K,+,-,/,/,/,/
沙门氏菌,shesa230,ȥƤǰ,��������,/,/,/,/,/,/,/,/,K,K,+,-,/,/,/,/
沙门氏菌,shetb1261,ȥƤ��,��������,/,/,/,/,/,/,/,/,K,K,+,-,/,/,/,/
沙门氏菌,shesa618,ȥƤǰ,��������,/,/,/,/,/,/,/,/,K,K,+,-,/,/,/,/
沙门氏菌,shesa1040,ȥƤǰ,��������,/,/,/,/,/,/,/,/,K,K,+,-,/,/,/,/
沙门氏菌,shetb1121,ȥƤ��,��������,/,/,/,/,/,/,/,/,K,K,+,-,/,/,/,/
沙门氏菌,shesce495,����,��������,/,/,/,/,/,/,/,/,K,K,+,-,/,/,/,/
沙门氏菌,shesf548,������,��������,/,/,/,/,/,/,/,/,K,K,+,-,/,/,/,/
沙门氏菌,shese1045,����,��������,/,/,/,/,/,/,/,/,K,K,+,-,/,/,/,/
沙门氏菌,sheta133,ȥƤǰ,��������,/,/,/,/,/,/,/,/,K,K,+,-,/,/,/,/
沙门氏菌,shetc364,ȥ���,��������,/,/,/,/,/,/,/,/,K,K,+,-,/,/,/,/
沙门氏菌,sheta1067,ȥƤǰ,��������,/,/,/,/,/,/,/,/,K,K,+,-,/,/,/,/
沙门氏菌,shetd579,����,��������,/,/,/,/,/,/,/,/,K,K,+,-,/,/,/,/
沙门氏菌,shetb47,                   ȥƤ��,��������,/,/,/,/,/,/,/,/,K,K,+,+,/,/,/,/
沙门氏菌,sheta5\tb522\23\45\46,,��������,/,/,/,/,/,/,/,/,K,K,+,+,/,/,/,/
沙门氏菌,shetbb1389,��,��������,/,/,/,/,/,/,/,/,K,K,+,-,/,/,/,/
沙门氏菌,sheta1066,ȥƤǰ,��������,/,/,/,/,/,/,/,/,K,K,+,-,/,/,/,/
沙门氏菌,shesbb580,��,��������,/,/,/,/,/,/,/,/,K,K,+,-,/,/,/,/
沙门氏菌,shesa126,ȥƤǰ,��������,/,/,/,/,/,/,/,/,K,K,+,-,/,/,/,/
沙门氏菌,shetbb1243,��,��������,/,/,/,/,/,/,/,/,K,K,+,-,/,/,/,/
沙门氏菌,sheta111,ȥƤǰ,��������,/,/,/,/,/,/,/,/,K,K,+,+,/,/,/,/
沙门氏菌,shesbb1047,��,��������,/,/,/,/,/,/,/,/,K,K,+,-,/,/,/,/
沙门氏菌,sheta418,ȥƤǰ,��������,/,/,/,/,/,/,/,/,K,K,+,-,/,/,/,/
沙门氏菌,shese796,����,��������,/,/,/,/,/,/,/,/,K,K,+,-,/,/,/,/
沙门氏菌,shetbb914,��,��������,/,/,/,/,/,/,/,/,K,K,+,-,/,/,/,/
沙门氏菌,shera395,ȥƤǰ,��������,/,/,/,/,/,/,/,/,K,K,+,-,/,/,/,/
沙门氏菌,shera292,ȥƤǰ,��������,/,/,/,/,/,/,/,/,K,K,+,-,/,/,/,/
沙门氏菌,shesbb129,��,��������,/,/,/,/,/,/,/,/,K,K,+,-,/,/,/,/
沙门氏菌,shetc1381,ȥ���,��������,/,/,/,/,/,/,/,/,K,K,+,-,/,/,/,/
沙门氏菌,shera396,ȥƤǰ,��������,/,/,/,/,/,/,/,/,K,K,+,-,/,/,/,/
沙门氏菌,shera2199,ȥƤǰ,��������,/,/,/,/,/,/,/,/,K,K,+,-,/,/,/,/
沙门氏菌,shera497,ȥƤǰ,��������,/,/,/,/,/,/,/,/,K,K,+,-,/,/,/,/
沙门氏菌,shesbb926,��,��������,/,/,/,/,/,/,/,/,K,K,+,-,/,/,/,/
沙门氏菌,shesbb1047,��,��������,/,/,/,/,/,/,/,/,K,K,+,-,/,/,/,/
沙门氏菌,shesa1128,��,��������,/,/,/,/,/,/,/,/,K,K,+,-,/,/,/,/
沙门氏菌,shesa229,ȥƤǰ,��������,/,/,/,/,/,/,/,/,K,K,+,-,/,/,/,/
沙门氏菌,shesb238,ȥƤ��,��������,/,/,/,/,/,/,/,/,K,K,+,+,/,/,/,/
沙门氏菌,shetb48,ȥƤ��,��������,/,/,/,/,/,/,/,/,K,K,+,+,/,/,/,/
沙门氏菌,shesb1498,ȥƤ��,��������,/,/,/,/,/,/,/,/,K,K,+,-,/,/,/,/
沙门氏菌,shera168,ȥƤǰ,��������,/,/,/,/,/,/,/,/,K,K,+,-,/,/,/,/
沙门氏菌,sheta377,ȥƤǰ,��������,/,/,/,/,/,/,/,/,K,K,+,-,/,/,/,/
沙门氏菌,shesbb716,��,��������,/,/,/,/,/,/,/,/,K,K,+,-,/,/,/,/
沙门氏菌,shetb357,ȥƤ��,��������,/,/,/,/,/,/,/,/,K,K,+,-,/,/,/,/
沙门氏菌,shesa14\sd1034\94,,��������,/,/,/,/,/,/,/,/,K,K,+,-,/,/,/,/
沙门氏菌,shesbb1210,��,��������,/,/,/,/,/,/,/,/,K,K,+,-,/,/,/,/
沙门氏菌,shera994,ȥƤǰ,��������,/,/,/,/,/,/,/,/,K,K,+,-,/,/,/,/
沙门氏菌,shera1476,ȥƤǰ,��������,/,/,/,/,/,/,/,/,K,K,+,-,/,/,/,/
沙门氏菌,shesa325,ȥƤǰ,��������,/,/,/,/,/,/,/,/,K,K,+,-,/,/,/,/
沙门氏菌,shera1173,ȥƤǰ,��������,/,/,/,/,/,/,/,/,K,K,+,-,/,/,/,/
沙门氏菌,shetd1088,ȥƤǰ,��������,/,/,/,/,/,/,/,/,K,K,+,-,/,/,/,/
沙门氏菌,shesa1039,ȥƤǰ,��������,/,/,/,/,/,/,/,/,K,K,+,-,/,/,/,/
沙门氏菌,schra9220,ȥƤǰ,��������,/,/,/,/,/,/,/,/,K,K,+,-,/,/,/,/
沙门氏菌,schtbb1234,��,��������,/,/,/,/,/,/,/,/,K,K,+,-,/,/,/,/
沙门氏菌,schtbb9239,��,��������,/,/,/,/,/,/,/,/,K,K,+,-,/,/,/,/
沙门氏菌,schtbb9238,��,��������,/,/,/,/,/,/,/,/,K,K,+,-,/,/,/,/
沙门氏菌,schsbb8246,��,��������,/,/,/,/,/,/,/,/,K,K,+,-,/,/,/,/
沙门氏菌,scha6226,ȥƤǰ,��������,/,/,/,/,/,/,/,/,K,A,+,-,/,/,/,/
沙门氏菌,schsc2171,ȥ���,��������,/,/,/,/,/,/,/,/,A,A,+,-,/,/,/,/
沙门氏菌,schta2212,ȥƤǰ,��������,/,/,/,/,/,/,/,/,K,K,+,-,/,/,/,/
沙门氏菌,schtbb13303,��,��������,/,/,/,/,/,/,/,/,K,K,+,-,/,/,/,/
沙门氏菌,schra14291,ȥƤǰ,��������,/,/,/,/,/,/,/,/,K,K,+,-,/,/,/,/
沙门氏菌,schra14290,ȥƤǰ,��������,/,/,/,/,/,/,/,/,K,K,+,-,/,/,/,/
沙门氏菌,schra2279,ȥƤǰ,��������,/,/,/,/,/,/,/,/,K,K,+,-,/,/,/,/
沙门氏菌,schra4272,ȥƤǰ,��������,/,/,/,/,/,/,/,/,K,K,+,-,/,/,/,/
沙门氏菌,schra4271,ȥƤǰ,��������,/,/,/,/,/,/,/,/,K,K,+,-,/,/,/,/
沙门氏菌,schsbb9202,��,��������,/,/,/,/,/,/,/,/,K,K,+,-,/,/,/,/
沙门氏菌,schbb9201,��,��������,/,/,/,/,/,/,/,/,K,K,+,-,/,/,/,/
沙门氏菌,schtbb3304,��,��������,/,/,/,/,/,/,/,/,K,K,+,-,/,/,/,/
沙门氏菌,schra2278,ȥƤǰ,��������,/,/,/,/,/,/,/,/,K,K,+,-,/,/,/,/
沙门氏菌,schsb1269,ȥƤ��,��������,/,/,/,/,/,/,/,/,K,K,+,-,/,/,/,/
沙门氏菌,schtbb6256,��,��������,/,/,/,/,/,/,/,/,K,K,+,-,/,/,/,/
沙门氏菌,schtbb8255,��,��������,/,/,/,/,/,/,/,/,K,K,+,-,/,/,/,/
沙门氏菌,schta3282,ȥƤǰ,��������,/,/,/,/,/,/,/,/,K,K,+,-,/,/,/,/
沙门氏菌,schtbb2288,��,��������,/,/,/,/,/,/,/,/,K,K,+,-,/,/,/,/
沙门氏菌,schtbb2289,��,��������,/,/,/,/,/,/,/,/,K,K,+,-,/,/,/,/
沙门氏菌,schtbb13309,��,��������,/,/,/,/,/,/,/,/,K,K,+,-,/,/,/,/
沙门氏菌,schta11260,ȥƤǰ,��������,/,/,/,/,/,/,/,/,K,K,+,-,/,/,/,/
沙门氏菌,schtbb13309,��,��������,/,/,/,/,/,/,/,/,K,K,+,-,/,/,/,/
沙门氏菌,schtbb2289,��,��������,/,/,/,/,/,/,/,/,K,K,+,-,/,/,/,/
沙门氏菌,schtbb2288,��,��������,/,/,/,/,/,/,/,/,K,K,+,-,/,/,/,/
沙门氏菌,schta3282,ȥƤǰ,��������,/,/,/,/,/,/,/,/,K,K,+,-,/,/,/,/
沙门氏菌,schtbb8288,��,��������,/,/,/,/,/,/,/,/,K,K,+,-,/,/,/,/
沙门氏菌,schra2278,ȥƤǰ,��������,/,/,/,/,/,/,/,/,K,K,+,-,/,/,/,/
沙门氏菌,schra3277,ȥƤǰ,��������,/,/,/,/,/,/,/,/,K,K,+,-,/,/,/,/
沙门氏菌,schra3276,ȥƤǰ,��������,/,/,/,/,/,/,/,/,K,K,+,-,/,/,/,/
沙门氏菌,schsa3297,ȥƤǰ,��������,/,/,/,/,/,/,/,/,K,K,+,-,/,/,/,/
沙门氏菌,schtbb1235,��,��������,/,/,/,/,/,/,/,/,K,K,+,-,/,/,/,/
沙门氏菌,schtbb9237,��,��������,/,/,/,/,/,/,/,/,K,K,+,-,/,/,/,/
沙门氏菌,schtbb1240,��,��������,/,/,/,/,/,/,/,/,K,K,+,-,/,/,/,/
沙门氏菌,schra9218,ȥƤǰ,��������,/,/,/,/,/,/,/,/,K,K,+,-,/,/,/,/
沙门氏菌,schra9219,ȥƤǰ,��������,/,/,/,/,/,/,/,/,K,K,+,-,/,/,/,/
沙门氏菌,schta3281,ȥƤǰ,��������,/,/,/,/,/,/,/,/,K,K,+,-,/,/,/,/
沙门氏菌,schsa2298,ȥƤǰ,��������,/,/,/,/,/,/,/,/,K,K,+,-,/,/,/,/
沙门氏菌,schta3280,ȥƤǰ,��������,/,/,/,/,/,/,/,/,K,K,+,-,/,/,/,/
沙门氏菌,schtbb8254,��,��������,/,/,/,/,/,/,/,/,K,K,+,-,/,/,/,/
沙门氏菌,schta1211,ȥƤǰ,��������,/,/,/,/,/,/,/,/,K,K,+,-,/,/,/,/
沙门氏菌,schta1210,ȥƤǰ,��������,/,/,/,/,/,/,/,/,K,K,+,-,/,/,/,/
沙门氏菌,schsa14244,ȥƤǰ,��������,/,/,/,/,/,/,/,/,K,K,+,-,/,/,/,/
沙门氏菌,schsa14243,ȥƤǰ,��������,/,/,/,/,/,/,/,/,K,K,+,-,/,/,/,/
沙门氏菌,schra11205,ȥƤǰ,��������,/,/,/,/,/,/,/,/,K,K,+,-,/,/,/,/
沙门氏菌,schra4270,ȥƤǰ,��������,/,/,/,/,/,/,/,/,K,K,+,-,/,/,/,/
沙门氏菌,schtbb13306,��,��������,/,/,/,/,/,/,/,/,K,K,+,-,/,/,/,/
沙门氏菌,schtbb8253,��,��������,/,/,/,/,/,/,/,/,K,K,+,-,/,/,/,/
沙门氏菌,schsa12207,ȥƤǰ,��������,/,/,/,/,/,/,/,/,K,K,+,-,/,/,/,/
沙门氏菌,schsa12208,ȥƤǰ,��������,/,/,/,/,/,/,/,/,K,K,+,-,/,/,/,/
沙门氏菌,schra11206,ȥƤǰ,��������,/,/,/,/,/,/,/,/,K,K,+,-,/,/,/,/
沙门氏菌,schra14292,ȥƤǰ,��������,/,/,/,/,/,/,/,/,K,K,+,-,/,/,/,/
沙门氏菌,schtbb2287,��,��������,/,/,/,/,/,/,/,/,K,K,+,-,/,/,/,/
沙门氏菌,schtbb2286,��,��������,/,/,/,/,/,/,/,/,K,K,+,-,/,/,/,/
沙门氏菌,schtbb1236,��,��������,/,/,/,/,/,/,/,/,K,K,+,-,/,/,/,/
沙门氏菌,schra12302,ȥƤǰ,��������,/,/,/,/,/,/,/,/,K,K,+,-,/,/,/,/
沙门氏菌,schra12301,ȥƤǰ,��������,/,/,/,/,/,/,/,/,K,K,+,-,/,/,/,/
沙门氏菌,schsa3296,ȥƤǰ,��������,/,/,/,/,/,/,/,/,K,K,+,-,/,/,/,/
沙门氏菌,schsa2299,ȥƤǰ,��������,/,/,/,/,/,/,/,/,K,K,+,-,/,/,/,/
沙门氏菌,schtc3255,ȥ���,��������,/,/,/,/,/,/,/,/,K,K,+,-,/,/,/,/
沙门氏菌,schsa14245,ȥƤǰ,��������,/,/,/,/,/,/,/,/,K,K,+,-,/,/,/,/
沙门氏菌,schsb6242,ȥƤ��,��������,/,/,/,/,/,/,/,/,K,A,+,-,/,/,/,/
沙门氏菌,schtc3250,ȥ���,��������,/,/,/,/,/,/,/,/,K,K,+,-,/,/,/,/
沙门氏菌,schsc2172,ȥ���,��������,/,/,/,/,/,/,/,/,A,A,-,-,/,/,/,/
沙门氏菌,schsc2173,ȥ���,��������,/,/,/,/,/,/,/,/,A,A,+,-,/,/,/,/
沙门氏菌,schsbb1241,��,��������,/,/,/,/,/,/,/,/,K,K,+,+,/,/,/,/
沙门氏菌,schta7250,ȥƤǰ,��������,/,/,/,/,/,/,/,/,K,K,+,-,/,/,/,/
沙门氏菌,schtc3209,ȥ���,��������,/,/,/,/,/,/,/,/,A,A,+,-,/,/,/,/
沙门氏菌,schtf5304,ȥƤǰ,��������,/,/,/,/,/,/,/,/,K,K,+,-,/,/,/,/
沙门氏菌,schta10249,ȥƤǰ,��������,/,/,/,/,/,/,/,/,K,K,+,-,/,/,/,/
沙门氏菌,schtf8304,ȥƤǰ,��������,/,/,/,/,/,/,/,/,K,K,+,-,/,/,/,/
沙门氏菌,schtf8302,ȥƤǰ,��������,/,/,/,/,/,/,/,/,K,K,+,-,/,/,/,/
沙门氏菌,schtbb3214,��,��������,/,/,/,/,/,/,/,/,K,K,+,-,/,/,/,/
沙门氏菌,schra12300,ȥƤǰ,��������,/,/,/,/,/,/,/,/,K,K,+,-,/,/,/,/
沙门氏菌,schta11261,ȥƤǰ,��������,/,/,/,/,/,/,/,/,K,K,+,-,/,/,/,/
沙门氏菌,schse987,����,��������,/,/,/,/,/,/,/,/,K,K,+,-,/,/,/,/
沙门氏菌,schra1217,ȥƤǰ,��������,/,/,/,/,/,/,/,/,K,K,+,-,/,/,/,/
沙门氏菌,schsbb9203,��,��������,/,/,/,/,/,/,/,/,K,K,+,-,/,/,/,/
沙门氏菌,schtd9247-3,����,��������,/,/,/,/,/,/,/,/,K,K,+,-,/,/,/,/
沙门氏菌,schtd9247-2,����,��������,/,/,/,/,/,/,/,/,K,K,+,-,/,/,/,/
沙门氏菌,schsa5295,ȥƤǰ,��������,/,/,/,/,/,/,/,/,K,A,+,+,/,/,/,/
沙门氏菌,schra1216,ȥƤǰ,��������,/,/,/,/,/,/,/,/,K,K,+,-,/,/,/,/
沙门氏菌,schtb8268,ȥƤ��,��������,/,/,/,/,/,/,/,/,K,K,+,-,/,/,/,/
沙门氏菌,schtb8264,ȥƤ��,��������,/,/,/,/,/,/,/,/,A,K,+,-,/,/,/,/
沙门氏菌,schsbb12230,��,��������,/,/,/,/,/,/,/,/,K,K,+,-,/,/,/,/
沙门氏菌,schta14222,ȥƤǰ,��������,/,/,/,/,/,/,/,/,K,K,+,-,/,/,/,/
沙门氏菌,schta14221,ȥƤǰ,��������,/,/,/,/,/,/,/,/,K,K,+,-,/,/,/,/
沙门氏菌,schra3275,ȥƤǰ,��������,/,/,/,/,/,/,/,/,K,K,+,-,/,/,/,/
沙门氏菌,schtbb3213,��,��������,/,/,/,/,/,/,/,/,K,K,+,-,/,/,/,/
沙门氏菌,schse641,����,��������,/,/,/,/,/,/,/,/,A,K,+,-,/,/,/,/
沙门氏菌,schsa9231,ȥƤǰ,��������,/,/,/,/,/,/,/,/,K,K,+,-,/,/,/,/
沙门氏菌,schta12267,ȥƤǰ,��������,/,/,/,/,/,/,/,/,K,K,+,-,/,/,/,/
沙门氏菌,schtb8264,ȥƤ��,��������,/,/,/,/,/,/,/,/,K,A,+,-,/,/,/,/
沙门氏菌,schsbb12229,��,��������,/,/,/,/,/,/,/,/,K,K,+,-,/,/,/,/
沙门氏菌,schtbb4406,��,��������,/,/,/,/,/,/,/,/,K,K,+,-,/,/,/,/
沙门氏菌,schtbb3215,��,��������,/,/,/,/,/,/,/,/,K,K,+,-,/,/,/,/
沙门氏菌,schsa10225,ȥƤǰ,��������,/,/,/,/,/,/,/,/,K,K,+,-,/,/,/,/
沙门氏菌,schsa9232,ȥƤǰ,��������,/,/,/,/,/,/,/,/,K,K,+,-,/,/,/,/
沙门氏菌,schsa4294,ȥƤǰ,��������,/,/,/,/,/,/,/,/,K,K,+,-,/,/,/,/
沙门氏菌,schsa4293,ȥƤǰ,��������,/,/,/,/,/,/,/,/,K,K,+,-,/,/,/,/
沙门氏菌,schsa11223,ȥƤǰ,��������,/,/,/,/,/,/,/,/,K,K,+,-,/,/,/,/
沙门氏菌,schtbb12311,��,��������,/,/,/,/,/,/,/,/,K,K,+,-,/,/,/,/
沙门氏菌,schtbb12310,��,��������,/,/,/,/,/,/,/,/,K,K,+,-,/,/,/,/
沙门氏菌,ra3274,ȥƤǰ,��������,/,/,/,/,/,/,/,/,K,K,+,-,/,/,/,/
沙门氏菌,schse2,����,��������,/,/,/,/,/,/,/,/,K,K,+,-,/,/,/,/
沙门氏菌,schta3285,ȥƤǰ,��������,/,/,/,/,/,/,/,/,K,K,+,-,/,/,/,/
沙门氏菌,schta3284,ȥƤǰ,��������,/,/,/,/,/,/,/,/,K,K,+,-,/,/,/,/
沙门氏菌,schta4308,ȥƤǰ,��������,/,/,/,/,/,/,/,/,K,K,+,-,/,/,/,/
��־�ض��ش󳦸˾�,OB10-1,ȥƤǰ,�����̶�����������޹�˾,/,/,/,/,/,+,/,/,/,/,/,/,/,/,O157,11
��־�ض��ش󳦸˾�,OB10-2,ȥƤǰ,�����̶�����������޹�˾,/,/,/,/,/,+,/,/,/,/,/,/,/,/,O157,11
��־�ض��ش󳦸˾�,OA4,����Ȧ,�����̶�����������޹�˾,/,/,/,/,/,+,/,/,/,/,/,/,/,/,O157,11
��־�ض��ش󳦸˾�,OA7-1,����Ȧ,�����̶�����������޹�˾,/,/,/,/,/,+,/,/,/,/,/,/,/,/,O157,11
��־�ض��ش󳦸˾�,OA7-2,����Ȧ,�����̶�����������޹�˾,/,/,/,/,/,+,/,/,/,/,/,/,/,/,O157,11
��־�ض��ش󳦸˾�,OA7-3,����Ȧ,�����̶�����������޹�˾,/,/,/,/,/,+,/,/,/,/,/,/,/,/,O157,11
��־�ض��ش󳦸˾�,OA7-4,����Ȧ,�����̶�����������޹�˾,/,/,/,/,/,+,/,/,/,/,/,/,/,/,O157,11
��־�ض��ش󳦸˾�,OA7-5,����Ȧ,�����̶�����������޹�˾,/,/,/,/,/,+,/,/,/,/,/,/,/,/,O157,11
��־�ض��ش󳦸˾�,OA7-6,����Ȧ,�����̶�����������޹�˾,/,/,/,/,/,+,/,/,/,/,/,/,/,/,O157,11
��־�ض��ش󳦸˾�,OA7-7,����Ȧ,�����̶�����������޹�˾,/,/,/,/,/,+,/,/,/,/,/,/,/,/,O157,11
��־�ض��ش󳦸˾�,OA6-1,����Ȧ,��������Դ�������޹�˾,/,/,/,/,/,+,/,/,/,/,/,/,/,/,O157,11
��־�ض��ش󳦸˾�,OB6-1,ȥƤǰ,��������Դ�������޹�˾,/,/,/,/,/,+,/,/,/,/,/,/,/,/,O157,11
��־�ض��ش󳦸˾�,OB6-2,ȥƤǰ,��������Դ�������޹�˾,/,/,/,/,/,+,/,/,/,/,/,/,/,/,O157,11
��־�ض��ش󳦸˾�,OB9-2,ȥƤǰ,��������Դ�������޹�˾,/,/,/,/,/,+,/,/,/,/,/,/,/,/,O157,11458
��־�ض��ش󳦸˾�,D2-1,���ܺ�����,��������Դ�������޹�˾,/,/,/,/,/,-,/,/,/,/,/,/,/,/,O121,17
��־�ض��ش󳦸˾�,A3-2,����Ȧ,�����̶�����������޹�˾,/,/,/,/,/,-,/,/,/,/,/,/,/,/,O121,718
��־�ض��ش󳦸˾�,A3-7,����Ȧ,�����̶�����������޹�˾,/,/,/,/,/,-,/,/,/,/,/,/,/,/,O121,718
��־�ض��ش󳦸˾�,B5-2,ȥƤǰ,�����̶�����������޹�˾,/,/,/,/,/,-,/,/,/,/,/,/,/,/,-,300
��־�ض��ش󳦸˾�,B5-5,ȥƤǰ,�����̶�����������޹�˾,/,/,/,/,/,-,/,/,/,/,/,/,/,/,-,300
��־�ض��ش󳦸˾�,G7-6,���,�����̶�����������޹�˾,/,/,/,/,/,-,/,/,/,/,/,/,/,/,O121,11303
��־�ض��ش󳦸˾�,B5-6,ȥƤǰ,�����̶�����������޹�˾,/,/,/,/,/,-,/,/,/,/,/,/,/,/,O121,11303
��־�ض��ش󳦸˾�,B5-7,ȥƤǰ,�����̶�����������޹�˾,/,/,/,/,/,-,/,/,/,/,/,/,/,/,O121,11303
��־�ض��ش󳦸˾�,D4-1,���ܺ�����,��������Դ�������޹�˾,/,/,/,/,/,-,/,/,/,/,/,/,/,/,O26,21
��־�ض��ش󳦸˾�,D4-2,���ܺ�����,��������Դ�������޹�˾,/,/,/,/,/,-,/,/,/,/,/,/,/,/,O26,21
��־�ض��ش󳦸˾�,D4-3,���ܺ�����,��������Դ�������޹�˾,/,/,/,/,/,-,/,/,/,/,/,/,/,/,O26,21
��־�ض��ش󳦸˾�,D4-4,���ܺ�����,��������Դ�������޹�˾,/,/,/,/,/,-,/,/,/,/,/,/,/,/,O26,21
��־�ض��ش󳦸˾�,D4-5,���ܺ�����,��������Դ�������޹�˾,/,/,/,/,/,-,/,/,/,/,/,/,/,/,O26,21
��־�ض��ش󳦸˾�,D4-6,���ܺ�����,��������Դ�������޹�˾,/,/,/,/,/,-,/,/,/,/,/,/,/,/,O26,21
��־�ض��ش󳦸˾�,D4-7,���ܺ�����,��������Դ�������޹�˾,/,/,/,/,/,-,/,/,/,/,/,/,/,/,O26,21
��־�ض��ش󳦸˾�,D4-8,���ܺ�����,��������Դ�������޹�˾,/,/,/,/,/,-,/,/,/,/,/,/,/,/,O26,21
��־�ض��ش󳦸˾�,B6-4,ȥƤǰ,��������Դ�������޹�˾,/,/,/,/,/,-,/,/,/,/,/,/,/,/,O26,21
��־�ض��ش󳦸˾�,B10-4,ȥƤǰ,��������Դ�������޹�˾,/,/,/,/,/,-,/,/,/,/,/,/,/,/,O121,297
��־�ض��ش󳦸˾�,C5-4,ȥƤ������,��������Դ�������޹�˾,/,/,/,/,/,-,/,/,/,/,/,/,/,/,O121,515
��־�ض��ش󳦸˾�,C4-1,ȥƤ������,��������Դ�������޹�˾,/,/,/,/,/,-,/,/,/,/,/,/,/,/,O121,515
��־�ض��ش󳦸˾�,C4-2,ȥƤ������,��������Դ�������޹�˾,/,/,/,/,/,-,/,/,/,/,/,/,/,/,O121,515
��־�ض��ش󳦸˾�,C4-3,ȥƤ������,��������Դ�������޹�˾,/,/,/,/,/,-,/,/,/,/,/,/,/,/,O121,515
��־�ض��ش󳦸˾�,C4-4,ȥƤ������,��������Դ�������޹�˾,/,/,/,/,/,-,/,/,/,/,/,/,/,/,O121,515
��־�ض��ش󳦸˾�,C4-5,ȥƤ������,��������Դ�������޹�˾,/,/,/,/,/,-,/,/,/,/,/,/,/,/,O121,515
��־�ض��ش󳦸˾�,B9-1,ȥƤǰ,��������Դ�������޹�˾,/,/,/,/,/,-,/,/,/,/,/,/,/,/,O121,26
��־�ض��ش󳦸˾�,B9-3,ȥƤǰ,��������Դ�������޹�˾,/,/,/,/,/,-,/,/,/,/,/,/,/,/,O121,26
��־�ض��ش󳦸˾�,B9-4,ȥƤǰ,��������Դ�������޹�˾,/,/,/,/,/,-,/,/,/,/,/,/,/,/,O121,26
��־�ض��ش󳦸˾�,B9-5,ȥƤǰ,��������Դ�������޹�˾,/,/,/,/,/,-,/,/,/,/,/,/,/,/,O121,26
��־�ض��ش󳦸˾�,B9-6,ȥƤǰ,��������Դ�������޹�˾,/,/,/,/,/,-,/,/,/,/,/,/,/,/,O121,26
大肠埃希氏菌,XT1,ȥƤǰ,ɽ��ʡ,/,/,/,/,/,/,/,/,/,/,/,/,/,/,O15,/
大肠埃希氏菌,XT2,ȥƤǰ,ɽ��ʡ,/,/,/,/,/,/,/,/,/,/,/,/,/,/,O33,/
大肠埃希氏菌,XT3,ȥƤǰ,ɽ��ʡ,/,/,/,/,/,/,/,/,/,/,/,/,/,/,O79,/
大肠埃希氏菌,XT4,ȥƤǰ,ɽ��ʡ,/,/,/,/,/,/,/,/,/,/,/,/,/,/,UNKENA,/
大肠埃希氏菌,XT5,ȥƤ��,ɽ��ʡ,/,/,/,/,/,/,/,/,/,/,/,/,/,/,O393,/
大肠埃希氏菌,XT6,���ܺ�,ɽ��ʡ,/,/,/,/,/,/,/,/,/,/,/,/,/,/,O73,/
大肠埃希氏菌,XT7,���ܺ�,ɽ��ʡ,/,/,/,/,/,/,/,/,/,/,/,/,/,/,O394,/
大肠埃希氏菌,XT8,���,ɽ��ʡ,/,/,/,/,/,/,/,/,/,/,/,/,/,/,UNKENB,/
大肠埃希氏菌,XT9,���,ɽ��ʡ,/,/,/,/,/,/,/,/,/,/,/,/,/,/,O391,/
大肠埃希氏菌,XT10,���,ɽ��ʡ,/,/,/,/,/,/,/,/,/,/,/,/,/,/,O392,/
大肠埃希氏菌,XT11,���,ɽ��ʡ,/,/,/,/,/,/,/,/,/,/,/,/,/,/,O761,/
大肠埃希氏菌,XT12,���,ɽ��ʡ,/,/,/,/,/,/,/,/,/,/,/,/,/,/,O146,/
大肠埃希氏菌,XT13,���,ɽ��ʡ,/,/,/,/,/,/,/,/,/,/,/,/,/,/,O762,/
大肠埃希氏菌,XT14,���,ɽ��ʡ,/,/,/,/,/,/,/,/,/,/,/,/,/,/,O763,/
大肠埃希氏菌,XT15,���,ɽ��ʡ,/,/,/,/,/,/,/,/,/,/,/,/,/,/,O119,/
大肠埃希氏菌,XT16,���,ɽ��ʡ,/,/,/,/,/,/,/,/,/,/,/,/,/,/,O764,/
大肠埃希氏菌,XT17,���,ɽ��ʡ,/,/,/,/,/,/,/,/,/,/,/,/,/,/,O87,/
大肠埃希氏菌,XT18,���,ɽ��ʡ,/,/,/,/,/,/,/,/,/,/,/,/,/,/,O92,/
大肠埃希氏菌,XT19,���,ɽ��ʡ,/,/,/,/,/,/,/,/,/,/,/,/,/,/,O40,/
大肠埃希氏菌,XT20,���,ɽ��ʡ,/,/,/,/,/,/,/,/,/,/,/,/,/,/,O68,/
大肠埃希氏菌,XT21,���,ɽ��ʡ,/,/,/,/,/,/,/,/,/,/,/,/,/,/,O157,/
大肠埃希氏菌,XT22,���,ɽ��ʡ,/,/,/,/,/,/,/,/,/,/,/,/,/,/,O395,/
大肠埃希氏菌,XT23,���,ɽ��ʡ,/,/,/,/,/,/,/,/,/,/,/,/,/,/,O116,/
大肠埃希氏菌,XT24,���,ɽ��ʡ,/,/,/,/,/,/,/,/,/,/,/,/,/,/,O396,/
大肠埃希氏菌,XT25,���,ɽ��ʡ,/,/,/,/,/,/,/,/,/,/,/,/,/,/,O142,/
大肠埃希氏菌,XT26,�����,ɽ��ʡ,/,/,/,/,/,/,/,/,/,/,/,/,/,/,O59,/
O157,ocha43,ȥƤǰ,��������,/,/,/,/,/,/,/,/,A,A,+,/,/,/,/,/
O157,ocha618,ȥƤǰ,��������,/,/,/,/,/,/,/,/,A,A,-,/,/,/,/,/
O157,ocha44,ȥƤǰ,��������,/,/,/,/,/,/,/,/,A,A,+,/,/,/,/,/
O157,e2a,����,��������,/,/,/,/,/,/,/,/,A,A,+,/,/,/,/,/
O157,ocha42,ȥƤǰ,��������,/,/,/,/,/,/,/,/,A,A,+,/,/,/,/,/
O157,e2a5,,��������,/,/,/,/,/,/,/,/,A,A,+,/,/,/,/,/
O157,e2a6,,��������,/,/,/,/,/,/,/,/,K,K,+,/,/,/,/,/
O157,ocha74,ȥƤǰ,��������,/,/,/,/,/,/,/,/,A,A,+,/,/,/,/,/
O157,e9b,����,��������,/,/,/,/,/,/,/,/,A,A,+,/,/,/,/,/
O157,e2c,����,��������,/,/,/,/,/,/,/,/,A,A,+,/,/,/,/,/
O157,e2b,����,��������,/,/,/,/,/,/,/,/,A,A,+,/,/,/,/,/
O157,ohd714,����,��������,/,/,/,/,/,/,/,/,A,A,+,/,/,/,/,/
O157,e2a1,,��������,/,/,/,/,/,/,/,/,A,A,+,/,/,/,/,/
O157,e2a2,,��������,/,/,/,/,/,/,/,/,A,A,+,/,/,/,/,/
O157,e9c,����,��������,/,/,/,/,/,/,/,/,A,A,+,/,/,/,/,/
O157,ocha55,ȥƤǰ,��������,/,/,/,/,/,/,/,/,A,A,+,/,/,/,/,/
O157,eneiq,,��������,/,/,/,/,/,/,/,/,A,A,-,/,/,/,/,/
O157,e2a3,,��������,/,/,/,/,/,/,/,/,A,A,+,/,/,/,/,/
O157,ochc3118,ȥ���,��������,/,/,/,/,/,/,/,/,A,A,+,/,/,/,/,/
O157,ochb6134,ȥƤ��,��������,/,/,/,/,/,/,/,/,A,A,+,/,/,/,/,/
O157,ochbb6110,��,��������,/,/,/,/,/,/,/,/,A,A,+,/,/,/,/,/
O157,ochbb6109,��,��������,/,/,/,/,/,/,/,/,A,A,+,/,/,/,/,/
O157,ochbb6111,��,��������,/,/,/,/,/,/,/,/,A,A,+,/,/,/,/,/
O157,ocha9103,ȥƤǰ,��������,/,/,/,/,/,/,/,/,A,A,+,/,/,/,/,/
O157,ochbb8107,��,��������,/,/,/,/,/,/,/,/,A,A,+,/,/,/,/,/
O157,ocha10105,ȥƤǰ,��������,/,/,/,/,/,/,/,/,A,A,+,/,/,/,/,/
O157,ocha12161,ȥƤǰ,��������,/,/,/,/,/,/,/,/,A,A,+,/,/,/,/,/
O157,ocha12162,ȥƤǰ,��������,/,/,/,/,/,/,/,/,A,A,+,/,/,/,/,/
O157,ochv7a9141,ȥƤǰ,��������,/,/,/,/,/,/,/,/,A,A,+,/,/,/,/,/
O157,ocha6128,ȥƤǰ,��������,/,/,/,/,/,/,/,/,A,A,+,/,/,/,/,/
O157,ochv7a55,,��������,/,/,/,/,/,/,/,/,A,A,+,/,/,/,/,/
O157,ocha10106,ȥƤǰ,��������,/,/,/,/,/,/,/,/,A,A,+,/,/,/,/,/
O157,ochbb6108,��,��������,/,/,/,/,/,/,/,/,A,A,+,/,/,/,/,/
O157,ocha10104,ȥƤǰ,��������,/,/,/,/,/,/,/,/,A,A,+,/,/,/,/,/
